Activity Date,Activity Type,Moving Time,weekday,month,year,day_of_year,Moving Time_normalized
2025-10-19 13:37:35,Hike,11853,6,10,2025,292,4.16031977187102
2025-10-18 18:37:34,Run,380,5,10,2025,291,-1.1723024752385534
2025-10-18 13:29:38,Hike,21695,5,10,2025,291,8.734857221191373
2025-10-17 17:12:20,Hike,12559,4,10,2025,290,4.4884668394609575
2025-10-16 20:02:20,Ride,6075,3,10,2025,289,1.4747195501505357
2025-10-14 23:01:35,Run,2169,1,10,2025,287,-0.34077966515583513
2025-10-14 03:16:36,Run,1738,1,10,2025,287,-0.5411074075513921
2025-10-12 22:48:33,Run,2491,6,10,2025,285,-0.19111485529186906
2025-10-11 17:55:07,Ride,9205,5,10,2025,284,2.9295358696356715
2025-10-11 02:38:42,Ride,1488,5,10,2025,284,-0.6573067940917384
2025-10-09 21:55:30,Run,3372,3,10,2025,282,0.21837178287631132
2025-10-09 00:01:08,Ride,2539,3,10,2025,282,-0.16880457307612257
2025-10-02 00:01:04,Swim,2341,3,10,2025,275,-0.2608344872160768
2025-09-30 21:44:49,Ride,2411,1,9,2025,273,-0.22829865898477988
2025-09-28 13:50:33,Run,194,6,9,2025,271,-1.258754818824571
2025-09-28 11:33:57,Run,4538,6,9,2025,271,0.7603257217004865
2025-09-28 11:12:36,Run,293,6,9,2025,271,-1.2127398617545937
2025-09-27 21:06:02,Run,869,5,9,2025,270,-0.9450164751656359
2025-09-26 20:26:37,Ride,4011,4,9,2025,269,0.5153774148734365
2025-09-25 19:44:35,Run,3603,3,9,2025,268,0.3257400160395913
2025-09-23 21:20:59,Ride,6889,1,9,2025,266,1.8530647527259032
2025-09-22 20:28:10,Run,2105,0,9,2025,265,-0.37052670811016375
2025-09-21 21:14:40,Ride,3242,6,9,2025,264,0.15794810187533123
2025-09-20 13:39:28,Run,2145,5,9,2025,263,-0.3519348062637084
2025-09-20 12:30:08,Ride,4101,5,9,2025,263,0.5572091940279612
2025-09-20 12:00:07,Swim,1678,5,9,2025,263,-0.5689952603210753
2025-09-19 21:16:16,Run,666,4,9,2025,262,-1.0393703770363971
2025-09-18 00:01:26,Swim,2279,3,9,2025,261,-0.28965193507808273
2025-09-16 22:38:34,Run,920,1,9,2025,259,-0.9213118003114052
2025-09-16 21:48:57,Ride,2800,1,9,2025,259,-0.04749241352800103
2025-09-14 12:12:42,Run,5356,6,9,2025,257,1.1405301144604996
2025-09-13 13:41:47,Ride,7051,5,9,2025,256,1.9283619552040479
2025-09-12 22:20:26,Run,1628,4,9,2025,255,-0.5922351376291445
2025-09-11 22:05:55,Run,2891,3,9,2025,254,-0.0051958368273149706
2025-09-11 00:00:03,Swim,2294,3,9,2025,254,-0.28267997188566196
2025-09-09 23:13:36,Run,1104,1,9,2025,252,-0.8357890518177103
2025-09-09 22:15:29,Ride,3378,1,9,2025,252,0.22116056815327964
2025-09-08 23:17:33,Run,2980,0,9,2025,251,0.03617114478104831
2025-09-07 11:50:01,Run,1023,6,9,2025,250,-0.8734376530567826
2025-09-07 11:15:25,Ride,2043,6,9,2025,250,-0.39934415597216966
2025-09-07 11:00:04,Swim,777,6,9,2025,250,-0.9877778494124834
2025-09-06 20:13:51,Run,1028,5,9,2025,249,-0.8711136653259757
2025-09-05 19:42:44,Ride,3312,4,9,2025,248,0.1904839301066282
2025-09-04 22:08:52,Run,2857,3,9,2025,247,-0.020998953396802068
2025-09-04 00:02:13,Swim,1705,3,9,2025,247,-0.5564457265747178
2025-09-02 20:42:49,Run,2603,1,9,2025,245,-0.13905753012179392
2025-09-01 16:34:49,Swim,2176,0,9,2025,244,-0.3375260823327054
2025-08-29 21:59:17,Ride,1331,4,8,2025,241,-0.730280008839076
2025-08-29 19:52:17,Ride,6380,4,8,2025,241,1.6164828017297581
2025-08-28 19:03:18,Run,3620,3,8,2025,240,0.33364157432433483
2025-08-27 23:09:58,Swim,1944,2,8,2025,239,-0.44535911304214676
2025-08-26 21:10:54,Ride,7154,1,8,2025,238,1.9762361024586705
2025-08-25 23:57:49,Run,2847,0,8,2025,237,-0.02564692885841592
2025-08-21 13:57:49,Ride,20951,3,8,2025,233,8.389047846847301
2025-08-20 18:37:18,Run,2101,2,8,2025,232,-0.3723858982948093
2025-08-19 21:16:06,Run,2690,1,8,2025,231,-0.0986201436057534
2025-08-18 22:01:42,Run,1441,0,8,2025,230,-0.6791522787613236
2025-08-17 13:09:30,Run,2593,6,8,2025,229,-0.14370550558340778
2025-08-15 15:37:36,Run,2754,4,8,2025,227,-0.06887310065142474
2025-08-14 20:30:52,Run,3159,3,8,2025,226,0.11936990554393627
2025-08-13 18:33:53,Run,5095,2,8,2025,225,1.019217954912378
2025-08-12 23:01:00,Ride,4290,1,8,2025,224,0.645055930252463
2025-08-12 20:02:04,Ride,4531,1,8,2025,224,0.7570721388773568
2025-08-11 21:29:18,Ride,6535,0,8,2025,223,1.6885264213847728
2025-08-10 18:33:16,Hike,6788,6,8,2025,222,1.8061202005636032
2025-08-08 20:52:03,Run,2414,4,8,2025,220,-0.22690426634629574
2025-08-07 19:05:06,Run,3491,3,8,2025,219,0.2736826908695162
2025-08-05 21:44:51,Ride,4202,1,8,2025,217,0.6041537461902611
2025-08-04 21:12:01,Run,2387,0,8,2025,216,-0.23945380009265313
2025-08-03 12:58:31,Ride,12925,6,8,2025,215,4.658582741356025
2025-07-31 23:04:42,Run,3658,3,7,2025,212,0.3513038810784675
2025-07-29 22:20:37,Run,3618,1,7,2025,210,0.33271197923201207
2025-07-28 23:10:39,Run,2779,0,7,2025,209,-0.05725316199739012
2025-07-26 19:04:36,Ride,9740,5,7,2025,207,3.1782025568320127
2025-07-24 22:14:23,Ride,4922,3,7,2025,205,0.9388079794264584
2025-07-24 00:23:37,Run,3687,3,7,2025,205,0.3647830099171477
2025-07-23 02:01:17,Run,2321,2,7,2025,204,-0.27013043813930454
2025-07-21 21:08:20,Run,1795,0,7,2025,202,-0.5146139474201932
2025-07-20 23:08:36,Run,2638,6,7,2025,201,-0.12278961600614544
2025-07-17 21:22:18,Run,2523,3,7,2025,198,-0.17624133381470472
2025-07-17 01:40:24,Ride,2760,3,7,2025,198,-0.06608431537445643
2025-07-14 12:22:27,Run,2459,0,7,2025,195,-0.2059883767690334
2025-07-10 01:30:17,Run,2286,3,7,2025,191,-0.286398352254953
2025-07-07 22:24:13,Ride,5183,0,7,2025,188,1.06012013897458
2025-07-06 13:17:13,Run,4372,6,7,2025,187,0.6831693290376966
2025-07-05 22:00:27,Run,1819,5,7,2025,186,-0.50345880631232
2025-07-04 16:59:49,Run,3325,4,7,2025,185,0.1965262982067262
2025-07-03 21:55:33,Ride,8230,3,7,2025,184,2.476358262128321
2025-07-01 21:18:39,Run,2058,1,7,2025,182,-0.3923721927797489
2025-06-29 17:55:28,Swim,168,6,6,2025,180,-1.2708395550247669
2025-06-29 16:34:29,Run,1763,6,6,2025,180,-0.5294874688973575
2025-06-27 17:26:22,Run,2778,4,6,2025,178,-0.0577179595435515
2025-06-26 00:26:03,Run,961,3,6,2025,177,-0.9022551009187885
2025-06-25 22:32:18,Ride,5748,2,6,2025,176,1.3227307525557626
2025-06-23 17:44:59,Ride,10971,0,6,2025,174,3.750368336156678
2025-06-22 21:04:56,Run,3418,6,6,2025,173,0.23975246999973504
2025-06-21 21:02:25,Ride,478,5,6,2025,172,-1.1267523157147374
2025-06-21 17:03:04,Ride,6308,5,6,2025,172,1.5830173784061383
2025-06-20 23:41:46,Run,2075,4,6,2025,171,-0.3844706344950053
2025-06-19 16:14:31,Swim,222,3,6,2025,170,-1.2457404875320521
2025-06-19 01:08:30,Ride,1951,3,6,2025,170,-0.4421055302190171
2025-06-18 22:08:18,Ride,1559,2,6,2025,169,-0.6243061683142801
2025-06-15 14:30:28,Ride,3923,6,6,2025,166,0.4744752308112346
2025-06-14 18:00:40,Swim,394,5,6,2025,165,-1.165795309592294
2025-06-12 22:47:51,Run,2927,3,6,2025,163,0.011536874834494898
2025-06-12 00:32:28,Run,2166,3,6,2025,163,-0.34217405779431925
2025-06-10 23:27:20,Ride,4403,1,6,2025,161,0.6975780529686995
2025-06-09 21:42:53,Run,2676,0,6,2025,160,-0.10512730925201279
2025-06-07 21:56:00,Run,5524,5,6,2025,158,1.2186161022156123
2025-06-06 23:13:42,Ride,4870,4,6,2025,157,0.9146385070260664
2025-06-06 00:10:36,Run,2903,4,6,2025,157,0.00038173372662165194
2025-06-04 21:05:12,Run,3352,2,6,2025,155,0.20907583195308363
2025-06-02 22:20:55,Ride,8679,0,6,2025,153,2.685052360354783
2025-05-30 19:35:37,Ride,8547,4,5,2025,150,2.6236990842614802
2025-05-30 00:19:33,Run,2093,4,5,2025,150,-0.3761042786641004
2025-05-28 23:57:53,Swim,1034,2,5,2025,148,-0.8683248800490073
2025-05-27 22:46:57,Ride,4829,1,5,2025,147,0.8955818076334496
2025-05-25 13:13:34,Run,368,6,5,2025,145,-1.1778800457924898
2025-05-25 11:00:51,Run,4600,6,5,2025,145,0.7891431695624924
2025-05-25 10:24:48,Run,377,6,5,2025,145,-1.1736968678770374
2025-05-24 15:34:50,Run,2068,5,5,2025,144,-0.387724217318135
2025-05-23 21:51:31,Run,2558,4,5,2025,143,-0.15997341969905626
2025-05-21 21:41:06,Run,1660,2,5,2025,141,-0.5773616161519802
2025-05-20 23:59:12,Run,1444,1,5,2025,140,-0.6777578861228394
2025-05-19 21:59:58,Run,3041,0,5,2025,139,0.06452379509689281
2025-05-17 23:14:30,Run,2339,5,5,2025,137,-0.2617640823083996
2025-05-17 00:04:58,Run,2120,5,5,2025,137,-0.363554744917743
2025-05-15 22:04:32,Run,2834,3,5,2025,135,-0.03168929695851393
2025-05-15 00:37:34,Run,3151,3,5,2025,135,0.11565152517464519
2025-05-12 19:46:29,Ride,3738,0,5,2025,132,0.3884876847713783
2025-05-12 01:19:45,Run,4659,0,5,2025,132,0.8165662247860141
2025-05-10 16:47:57,Run,4166,5,5,2025,130,0.5874210345284512
2025-05-09 23:16:32,Run,3086,4,5,2025,129,0.08543968467415515
2025-05-08 23:03:17,Run,1557,3,5,2025,128,-0.6252357634066029
2025-05-06 21:13:27,Ride,5928,1,5,2025,126,1.406394310864812
2025-05-06 03:53:45,Run,2856,1,5,2025,126,-0.021463750942963454
2025-05-03 21:56:49,Run,2509,5,5,2025,123,-0.18274849946096414
2025-05-03 00:02:29,Run,4140,5,5,2025,123,0.5753362983282552
2025-05-01 22:54:14,Run,4223,3,5,2025,121,0.6139144946596502
2025-04-30 11:29:08,Run,2646,2,4,2025,120,-0.11907123563685434
2025-04-27 16:07:17,Run,2173,6,4,2025,117,-0.33892047497118954
2025-04-27 12:08:21,Run,2454,6,4,2025,117,-0.2083123644998403
2025-04-27 08:07:11,Run,2511,6,4,2025,117,-0.18181890436864134
2025-04-27 04:08:42,Run,2308,6,4,2025,117,-0.27617280623940255
2025-04-27 00:04:28,Run,2225,6,4,2025,117,-0.3147510025707975
2025-04-26 20:06:57,Run,2094,5,4,2025,116,-0.375639481117939
2025-04-26 16:11:22,Run,2293,5,4,2025,116,-0.2831447694318233
2025-04-26 12:09:08,Run,2114,5,4,2025,116,-0.3663435301947113
2025-04-26 08:02:49,Run,2444,5,4,2025,116,-0.21296033996145416
2025-04-26 04:09:27,Run,2296,5,4,2025,116,-0.2817503767933392
2025-04-26 00:10:14,Run,2202,5,4,2025,116,-0.3254413461325094
2025-04-25 20:11:20,Run,2377,4,4,2025,115,-0.244101775554267
2025-04-24 04:49:30,Run,1876,3,4,2025,114,-0.47696534618112096
2025-04-22 21:28:18,Ride,6141,1,4,2025,112,1.5053961881971871
2025-04-19 19:58:47,Ride,7970,5,4,2025,109,2.3555109001263608
2025-04-19 14:06:59,Ride,2513,5,4,2025,109,-0.18088930927631858
2025-04-17 19:38:35,Run,2128,3,4,2025,107,-0.3598363645484519
2025-04-16 19:20:24,Run,2251,2,4,2025,106,-0.3026662663706015
2025-04-14 21:52:52,Run,3471,0,4,2025,104,0.2643867399462885
2025-04-13 17:00:49,Run,4563,6,4,2025,103,0.7719456603545212
2025-04-11 16:03:01,Run,2202,4,4,2025,101,-0.3254413461325094
2025-04-10 22:58:16,Run,3168,3,4,2025,100,0.12355308345938874
2025-04-09 23:28:38,Run,4571,2,4,2025,99,0.7756640407238122
2025-04-08 23:24:46,Run,3216,1,4,2025,98,0.14586336567513522
2025-04-07 21:35:41,Ride,3058,0,4,2025,97,0.07242535338163636
2025-04-04 22:30:34,Run,5557,4,4,2025,94,1.233954421238938
2025-04-03 22:06:30,Run,3050,3,4,2025,93,0.06870697301234528
2025-04-01 21:28:29,Ride,3634,1,4,2025,91,0.34014873997059425
2025-03-31 21:57:38,Run,1971,0,3,2025,90,-0.4328095792957894
2025-03-29 12:57:59,Run,2100,5,3,2025,88,-0.3728506958409707
2025-03-29 11:47:07,Ride,4205,5,3,2025,88,0.6055481388287453
2025-03-29 11:16:03,Swim,1757,5,3,2025,88,-0.5322762541743258
2025-03-28 17:42:31,Swim,1004,4,3,2025,87,-0.8822688064338489
2025-03-27 17:08:57,Ride,2909,3,3,2025,86,0.003170519003589963
2025-03-26 22:51:19,Run,2138,2,3,2025,85,-0.35518838908683803
2025-03-24 21:08:56,Ride,3355,0,3,2025,83,0.21047022459156778
2025-03-24 00:06:37,Run,2130,0,3,2025,83,-0.35890676945612915
2025-03-22 12:16:08,Run,603,5,3,2025,81,-1.0686526224445643
2025-03-22 11:48:01,Ride,1226,5,3,2025,81,-0.7790837511860214
2025-03-21 22:45:13,Run,2346,4,3,2025,80,-0.25851049948526994
2025-03-20 00:00:59,Swim,2486,3,3,2025,79,-0.193438843022676
2025-03-18 22:56:51,Run,1282,1,3,2025,77,-0.7530550886009838
2025-03-18 21:41:51,Ride,3487,1,3,2025,77,0.2718235006848706
2025-03-17 21:11:30,Ride,1230,0,3,2025,76,-0.7772245610013758
2025-03-15 21:11:18,Run,4168,5,3,2025,74,0.588350629620774
2025-03-14 21:54:18,Run,2130,4,3,2025,73,-0.35890676945612915
2025-03-13 15:00:05,Ride,2730,3,3,2025,72,-0.08002824175929799
2025-03-11 16:47:54,Hike,20503,1,3,2025,70,8.180818546167002
2025-03-09 21:33:11,Hike,1146,6,3,2025,68,-0.8162675548789322
2025-03-08 20:20:48,Swim,156,5,3,2025,67,-1.2764171255787036
2025-03-05 22:29:14,Workout,4249,2,3,2025,64,0.6259992308598462
2025-03-05 16:54:56,Swim,1018,2,3,2025,64,-0.8757616407875894
2025-03-04 15:05:00,Swim,1380,1,3,2025,63,-0.707504929077168
2025-03-03 23:00:57,Run,3361,0,3,2025,62,0.21325900986853608
2025-03-02 23:31:04,Run,3009,6,3,2025,61,0.049650273619728486
2025-03-02 19:29:07,Workout,6285,6,3,2025,61,1.5723270348444265
2025-02-28 22:24:06,Run,1268,4,2,2025,59,-0.7595622542472432
2025-02-28 17:06:11,Swim,713,4,2,2025,59,-1.017524892366812
2025-02-27 19:17:47,Swim,1506,3,2,2025,58,-0.6489404382608335
2025-02-26 21:29:12,Run,1851,2,2,2025,57,-0.4885852848351556
2025-02-25 20:50:17,Ride,4801,1,2,2025,56,0.8825674763409308
2025-02-24 22:16:28,Run,1876,0,2,2025,55,-0.47696534618112096
2025-02-24 20:50:45,Ride,4292,0,2,2025,55,0.6459855253447857
2025-02-23 19:53:57,Run,4781,6,2,2025,54,0.8732715254177031
2025-02-22 20:13:41,Hike,5594,5,2,2025,53,1.2511519304469092
2025-02-21 22:24:19,Workout,6203,4,2,2025,52,1.534213636059193
2025-02-20 22:45:50,Run,3227,3,2,2025,51,0.15097613868291046
2025-02-19 19:37:24,Swim,1442,2,2,2025,50,-0.6786874812151622
2025-02-18 23:53:06,Run,1500,1,2,2025,49,-0.6517292235378018
2025-02-18 22:36:48,Ride,4364,1,2,2025,49,0.6794509486684055
2025-02-14 21:41:49,Ride,2760,4,2,2025,45,-0.06608431537445643
2025-02-14 00:13:24,Run,1688,4,2,2025,45,-0.5643472848594614
2025-02-10 21:35:49,Run,3161,0,2,2025,41,0.12029950063625904
2025-02-09 21:10:19,Run,4011,6,2,2025,40,0.5153774148734365
2025-02-07 20:41:37,Workout,2881,4,2,2025,38,-0.009843812288928822
2025-02-07 17:02:42,Swim,1240,4,2,2025,38,-0.7725765855397619
2025-02-06 23:05:50,Run,2804,3,2,2025,37,-0.045633223343355483
2025-02-06 20:47:10,Workout,1908,3,2,2025,37,-0.46209182470395666
2025-02-06 19:55:27,Workout,2396,3,2,2025,37,-0.23527062217720066
2025-02-05 22:05:36,Run,1253,2,2,2025,36,-0.766534217439664
2025-02-05 00:00:42,Run,993,2,2,2025,36,-0.8873815794416241
2025-02-04 22:40:15,Ride,3601,1,2,2025,35,0.32481042094726853
2025-02-03 16:56:52,Swim,1918,0,2,2025,34,-0.45744384924234277
2025-02-02 21:36:06,Run,4231,6,2,2025,33,0.6176328750289413
2025-02-01 17:35:38,Workout,5763,5,2,2025,32,1.3297027157481833
2025-01-31 21:40:55,Workout,4486,4,1,2025,31,0.7361562493000945
2025-01-31 17:09:16,Swim,1355,4,1,2025,31,-0.7191248677312027
2025-01-30 19:58:56,Ride,4649,3,1,2025,30,0.8119182493244003
2025-01-29 20:19:10,Run,2900,2,1,2025,29,-0.0010126589118625037
2025-01-27 20:21:38,Run,3054,0,1,2025,27,0.07056616319699083
2025-01-27 17:07:22,Swim,1544,0,1,2025,27,-0.6312781315067009
2025-01-26 20:08:06,Ride,3709,6,1,2025,26,0.37500855593269816
2025-01-24 16:35:43,Swim,916,4,1,2025,24,-0.9231709904960508
2025-01-23 22:45:18,Run,2580,3,1,2025,23,-0.14974787368350578
2025-01-22 22:12:43,Run,2669,2,1,2025,22,-0.1083808920751425
2025-01-21 14:39:39,Swim,870,1,1,2025,21,-0.9445516776194746
2025-01-17 22:19:59,Snowshoe,7550,4,1,2025,17,2.160295930738579
2025-01-15 17:51:59,Alpine Ski,10626,2,1,2025,15,3.590013182731
2025-01-14 17:12:40,Alpine Ski,12300,1,1,2025,14,4.368084275005159
2025-01-13 18:15:26,Alpine Ski,7474,0,1,2025,13,2.1249713172303135
2025-01-12 20:28:37,Hike,3893,6,1,2025,12,0.460531304426393
2025-01-10 21:32:54,Run,2420,4,1,2025,10,-0.2241154810693274
2025-01-09 21:47:38,Run,3750,3,1,2025,9,0.39406525532531494
2025-01-07 21:12:11,Run,2924,1,1,2025,7,0.010142482196010742
2025-01-06 19:13:09,Run,2287,0,1,2025,6,-0.28593355470879167
2025-01-04 19:06:04,Run,3737,5,1,2025,4,0.38802288722521694
2025-01-03 23:44:22,Run,3325,4,1,2025,3,0.1965262982067262
2024-12-31 23:15:49,Swim,27,1,12,2024,366,-1.3363760090335222
2024-12-30 18:38:38,Run,3796,0,12,2024,365,0.41544594244873867
2024-12-29 16:35:12,Run,6115,6,12,2024,364,1.493311451996991
2024-12-27 21:25:50,Run,3526,4,12,2024,362,0.2899506049851647
2024-12-26 22:24:49,Run,4300,3,12,2024,361,0.6497039057140768
2024-12-24 17:03:08,Run,1807,1,12,2024,359,-0.5090363768662566
2024-12-23 15:26:29,Run,4365,0,12,2024,358,0.6799157462145669
2024-12-22 18:00:10,Run,2148,6,12,2024,357,-0.3505404136252242
2024-12-21 18:55:06,Swim,472,5,12,2024,356,-1.1295411009917058
2024-12-20 22:00:13,Run,3044,4,12,2024,355,0.06591818773537697
2024-12-19 19:03:46,Ride,4301,3,12,2024,354,0.6501687032602382
2024-12-16 19:26:37,Run,2113,0,12,2024,351,-0.3668083277408727
2024-12-13 11:32:56,Run,3239,4,12,2024,348,0.15655370923684708
2024-12-10 19:08:13,Run,2768,1,12,2024,345,-0.06236593500516535
2024-12-09 18:46:09,Run,2023,0,12,2024,344,-0.40864010689539737
2024-12-06 13:14:49,Run,1667,4,12,2024,341,-0.5741080333288505
2024-12-05 13:09:30,Run,2566,3,12,2024,340,-0.15625503932976517
2024-12-03 14:40:59,Run,3598,1,12,2024,338,0.3234160283087844
2024-12-01 21:16:01,Workout,393,6,12,2024,336,-1.1662601071384553
2024-12-01 17:59:10,Run,1966,6,12,2024,336,-0.4351335670265963
2024-11-29 09:49:07,Run,2413,4,11,2024,334,-0.22736906389245712
2024-11-27 14:07:01,Swim,106,2,11,2024,332,-1.2996570028867729
2024-11-26 23:22:05,Workout,852,1,11,2024,331,-0.9529180334503794
2024-11-25 22:41:50,Run,1585,0,11,2024,330,-0.6122214321140841
2024-11-24 15:05:23,Run,2240,6,11,2024,329,-0.30777903937837675
2024-11-23 21:20:51,Workout,2085,5,11,2024,328,-0.37982265903339146
2024-11-22 13:37:47,Run,2557,4,11,2024,327,-0.16043821724521765
2024-11-21 21:10:59,Run,2548,3,11,2024,326,-0.1646213951606701
2024-11-20 14:34:34,Swim,1165,2,11,2024,325,-0.8074364015018659
2024-11-18 17:32:36,Run,1412,0,11,2024,323,-0.6926314076000037
2024-11-16 10:13:22,Run,6970,5,11,2024,321,1.8907133539649754
2024-11-04 10:52:15,Hike,7750,0,11,2024,309,2.253255439970856
2024-10-31 15:18:31,Run,3531,3,10,2024,305,0.29227459271597156
2024-10-29 16:04:16,Run,2306,1,10,2024,303,-0.2771024013317253
2024-10-28 19:14:40,Run,3320,0,10,2024,302,0.1942023104759193
2024-10-24 12:50:26,Run,4284,3,10,2024,298,0.6422671449754946
2024-10-22 15:07:44,Run,2094,1,10,2024,296,-0.375639481117939
2024-10-21 16:51:22,Run,2033,0,10,2024,295,-0.4039921314337835
2024-10-18 09:36:25,Run,3059,4,10,2024,292,0.07289015092779774
2024-10-14 09:38:58,Run,2747,0,10,2024,288,-0.07212668347455445
2024-10-13 14:08:50,Run,4354,6,10,2024,287,0.6748029732067916
2024-10-11 09:42:55,Run,2758,4,10,2024,285,-0.06701391046677921
2024-10-10 15:41:02,Run,1272,3,10,2024,284,-0.7577030640625977
2024-10-07 13:28:10,Run,4811,0,10,2024,281,0.8872154518025447
2024-10-06 14:30:09,Ride,3154,6,10,2024,280,0.11704591781312934
2024-10-05 17:18:41,Run,2578,5,10,2024,279,-0.15067746877582855
2024-10-04 18:06:42,Run,24,4,10,2024,278,-1.3377704016720064
2024-10-02 12:12:09,Run,3127,2,10,2024,276,0.10449638406677195
2024-10-01 16:54:15,Run,1543,1,10,2024,275,-0.6317429290528622
2024-09-30 11:22:24,Run,2604,0,9,2024,274,-0.13859273257563254
2024-09-29 10:19:12,Run,2970,6,9,2024,273,0.03152316931943446
2024-09-27 16:03:19,Run,1726,4,9,2024,271,-0.5466849781053288
2024-09-26 16:54:10,Run,2989,3,9,2024,270,0.04035432269650078
2024-09-25 15:10:01,Run,6695,2,9,2024,269,1.7628940287705945
2024-09-24 15:45:12,Run,2382,1,9,2024,268,-0.24177778782346004
2024-09-21 17:19:54,Walk,4350,5,9,2024,265,0.6729437830221461
2024-09-19 11:26:53,Run,5358,3,9,2024,263,1.1414597095528223
2024-09-18 15:35:08,Run,2935,2,9,2024,262,0.01525525520378598
2024-09-17 15:58:46,Run,2646,1,9,2024,261,-0.11907123563685434
2024-09-16 16:56:41,Run,3171,0,9,2024,260,0.12494747609787289
2024-09-15 17:19:06,Run,4234,6,9,2024,259,0.6190272676674254
2024-09-12 17:58:39,Run,2411,3,9,2024,256,-0.22829865898477988
2024-09-11 17:48:26,Run,1261,2,9,2024,255,-0.7628158370703729
2024-09-07 13:22:06,Swim,1393,5,9,2024,251,-0.70146256097707
2024-09-04 13:52:51,Run,3760,2,9,2024,248,0.3987132307869288
2024-09-01 17:35:05,Run,2125,6,9,2024,245,-0.36123075718693604
2024-08-31 15:06:52,Run,2360,5,8,2024,244,-0.2520033338390105
2024-08-30 16:13:34,Run,1542,4,8,2024,243,-0.6322077265990237
2024-08-29 11:10:41,Run,4076,3,8,2024,242,0.5455892553739266
2024-08-28 19:44:58,Run,937,2,8,2024,241,-0.9134102420266617
2024-08-27 16:54:00,Run,2981,1,8,2024,240,0.0366359423272097
2024-08-25 14:49:22,Run,6931,6,8,2024,238,1.8725862496646812
2024-08-24 11:54:05,Swim,67,5,8,2024,237,-1.3177841071870668
2024-08-23 17:52:20,Run,1574,4,8,2024,236,-0.6173342051218593
2024-08-22 14:54:25,Run,4881,3,8,2024,235,0.9197512800338417
2024-08-21 16:50:31,Run,4214,2,8,2024,234,0.6097313167441977
2024-08-20 17:24:23,Run,2701,1,8,2024,233,-0.09350737059797816
2024-08-19 11:44:30,Run,6532,0,8,2024,232,1.6871320287462885
2024-08-18 15:38:54,Run,3455,6,8,2024,231,0.2569499792077063
2024-08-17 11:43:27,Run,3085,5,8,2024,230,0.08497488712799377
2024-08-16 15:47:41,Run,1736,4,8,2024,229,-0.5420370026437149
2024-08-14 23:27:28,Run,1685,2,8,2024,227,-0.5657416774979456
2024-08-14 22:39:43,Swim,1852,2,8,2024,227,-0.4881204872889942
2024-08-13 23:53:25,Run,1634,1,8,2024,226,-0.5894463523521762
2024-08-13 22:19:29,Run,2944,1,8,2024,226,0.019438433119238447
2024-08-11 23:04:13,Run,1681,6,8,2024,224,-0.5676008676825911
2024-08-11 17:48:03,Swim,191,6,8,2024,224,-1.260149211463055
2024-08-11 17:18:01,Run,1677,6,8,2024,224,-0.5694600578672366
2024-08-11 17:07:02,Swim,257,6,8,2024,224,-1.2294725734164036
2024-08-10 01:13:36,Run,2406,5,8,2024,223,-0.2306226467155868
2024-08-09 00:29:09,Swim,465,4,8,2024,222,-1.1327946838148355
2024-08-08 23:38:19,Run,2862,3,8,2024,221,-0.018674965665995143
2024-08-07 21:49:55,Run,4227,2,8,2024,220,0.6157736848442957
2024-08-06 19:00:04,Run,1348,1,8,2024,219,-0.7223784505543324
2024-08-05 17:15:33,Ride,6714,0,8,2024,218,1.7717251821476607
2024-08-02 20:52:49,Ride,3520,4,8,2024,215,0.2871618197081963
2024-08-01 21:27:33,Run,1732,3,8,2024,214,-0.5438961928283604
2024-08-01 20:53:08,Swim,1108,3,8,2024,214,-0.8339298616330648
2024-07-31 16:57:01,Ride,10314,2,7,2024,213,3.444996348328648
2024-07-30 20:40:02,Run,2458,1,7,2024,212,-0.20645317431519478
2024-07-28 19:03:31,Run,1265,6,7,2024,210,-0.7609566468857274
2024-07-28 17:57:26,Swim,1290,6,7,2024,210,-0.7493367082316927
2024-07-28 11:16:13,Ride,5577,6,7,2024,210,1.2432503721621657
2024-07-27 21:28:11,Swim,1611,5,7,2024,209,-0.6001366959138881
2024-07-26 22:06:12,Run,3032,4,7,2024,208,0.06034061718144035
2024-07-24 22:59:44,Swim,1091,2,7,2024,206,-0.8418314199178084
2024-07-22 23:11:33,Hike,1348,0,7,2024,204,-0.7223784505543324
2024-07-20 08:52:55,Run,12299,5,7,2024,202,4.367619477458997
2024-07-19 00:37:29,Run,2866,4,7,2024,201,-0.0168157754813496
2024-07-16 21:41:05,Run,1500,1,7,2024,198,-0.6517292235378018
2024-07-14 14:56:59,Ride,11142,6,7,2024,196,3.829848716550275
2024-07-13 20:05:34,Run,4235,5,7,2024,195,0.6194920652135868
2024-07-10 21:46:23,Run,3041,2,7,2024,192,0.06452379509689281
2024-07-08 21:56:48,Run,4059,0,7,2024,190,0.537687697089183
2024-07-06 19:00:52,Swim,2437,5,7,2024,188,-0.21621392278458387
2024-07-03 16:50:47,Run,2213,2,7,2024,185,-0.3203285731247342
2024-06-30 14:46:53,Run,3501,6,6,2024,182,0.27833066633113
2024-06-28 22:03:49,Run,6970,4,6,2024,180,1.8907133539649754
2024-06-28 00:38:36,Swim,753,4,6,2024,180,-0.9989329905203566
2024-06-26 21:08:48,Run,1936,2,6,2024,178,-0.4490774934114379
2024-06-26 01:26:42,Run,1801,2,6,2024,178,-0.5118251621432248
2024-06-24 22:25:47,Run,2697,0,6,2024,176,-0.0953665607826237
2024-06-24 21:42:18,Swim,984,0,6,2024,176,-0.8915647573570766
2024-06-23 11:08:58,Ride,9945,6,6,2024,175,3.2734860537950965
2024-06-22 17:17:15,Swim,1138,5,6,2024,174,-0.8199859352482233
2024-06-21 23:40:52,Run,2449,4,6,2024,173,-0.21063635223064725
2024-06-19 21:42:12,Run,4184,2,6,2024,171,0.5957873903593561
2024-06-17 22:39:42,Run,2489,0,6,2024,169,-0.19204445038419182
2024-06-16 18:10:44,Swim,134,6,6,2024,168,-1.286642671594254
2024-06-16 17:17:48,Run,390,6,6,2024,168,-1.1676544997769394
2024-06-15 11:11:02,Run,2987,5,6,2024,167,0.03942472760417801
2024-06-14 18:15:22,Run,2185,4,6,2024,166,-0.33334290441725295
2024-06-12 21:33:40,Run,2149,2,6,2024,164,-0.3500756160790628
2024-06-11 22:58:41,Swim,1901,1,6,2024,163,-0.46534540752708636
2024-06-11 00:59:42,Run,2075,1,6,2024,163,-0.3844706344950053
2024-06-09 20:49:09,Run,5540,6,6,2024,161,1.2260528629541945
2024-06-07 19:00:01,Run,1438,4,6,2024,159,-0.6805466713998077
2024-06-06 23:15:13,Run,3649,3,6,2024,158,0.347120703163015
2024-06-04 22:29:05,Ride,6065,1,6,2024,156,1.4700715746889217
2024-06-03 23:13:45,Run,2248,0,6,2024,155,-0.3040606590090857
2024-06-02 22:52:51,Run,2899,6,6,2024,154,-0.001477456458023889
2024-06-01 13:44:04,Run,2094,5,6,2024,153,-0.375639481117939
2024-06-01 12:32:45,Ride,4194,5,6,2024,153,0.60043536582097
2024-06-01 12:01:09,Swim,1768,5,6,2024,153,-0.5271634811665505
2024-05-30 22:07:21,Run,4281,3,5,2024,151,0.6408727523370105
2024-05-29 16:41:23,Ride,10945,2,5,2024,150,3.738283599956482
2024-05-26 12:01:26,Run,5090,6,5,2024,147,1.016893967181571
2024-05-25 14:34:14,Run,3333,5,5,2024,146,0.2002446785760173
2024-05-23 21:18:39,Run,3399,3,5,2024,144,0.23092131662266874
2024-05-22 17:13:04,Ride,6241,2,5,2024,143,1.5518759428133255
2024-05-20 22:19:38,Run,2469,0,5,2024,141,-0.20134040130741954
2024-05-19 18:39:05,Ride,8791,6,5,2024,140,2.737109685524858
2024-05-18 16:57:28,Swim,2601,5,5,2024,139,-0.1399871252141167
2024-05-18 02:42:45,Run,1566,5,5,2024,139,-0.6210525854911504
2024-05-16 16:32:28,Run,3499,3,5,2024,137,0.27740107123880725
2024-05-14 20:46:08,Run,3373,1,5,2024,135,0.2188365804224727
2024-05-13 17:35:49,Ride,6112,0,5,2024,134,1.491917059358507
2024-05-12 23:49:31,Run,6234,6,5,2024,133,1.5486223599901958
2024-05-09 20:41:44,Run,520,3,5,2024,130,-1.1072308187759594
2024-05-09 19:20:17,Run,2231,3,5,2024,130,-0.3119622172938292
2024-05-09 16:37:31,Swim,964,3,5,2024,130,-0.9008607082803043
2024-05-08 00:43:57,Run,2497,2,5,2024,129,-0.18832607001490076
2024-05-05 18:02:28,Run,2994,6,5,2024,126,0.04267831042730771
2024-05-03 22:58:33,Run,3131,4,5,2024,124,0.10635557425141748
2024-05-02 22:45:09,Swim,1611,3,5,2024,123,-0.6001366959138881
2024-05-01 23:01:53,Run,3251,2,5,2024,122,0.1621312797907837
2024-04-29 21:50:19,Run,5988,0,4,2024,120,1.4342821636344951
2024-04-28 13:31:06,Ride,7757,6,4,2024,119,2.2565090227939857
2024-04-27 16:11:37,Run,4769,5,4,2024,118,0.8676939548637664
2024-04-27 03:56:52,Run,2141,5,4,2024,118,-0.3537939964483539
2024-04-26 19:52:22,Ride,6425,4,4,2024,117,1.6373986913070204
2024-04-26 03:34:48,Run,1931,4,4,2024,117,-0.45140148114224476
2024-04-24 23:52:46,Run,4446,2,4,2024,115,0.7175643474536391
2024-04-23 16:25:08,Swim,1643,1,4,2024,114,-0.5852631744367237
2024-04-22 16:58:44,Run,3652,0,4,2024,113,0.3485150958014992
2024-04-20 17:55:53,Ride,10834,5,4,2024,111,3.686691072332568
2024-04-20 01:22:33,Run,1462,5,4,2024,111,-0.6693915302919344
2024-04-14 15:54:52,Run,2192,6,4,2024,105,-0.33008932159412324
2024-04-14 14:44:31,Ride,4139,6,4,2024,105,0.5748715007820938
2024-04-14 14:16:29,Swim,1568,6,4,2024,105,-0.6201229903988277
2024-04-12 22:45:04,Swim,1122,4,4,2024,103,-0.8274226959868054
2024-04-11 20:21:43,Ride,3796,3,4,2024,102,0.41544594244873867
2024-04-11 00:46:31,Run,2349,3,4,2024,102,-0.25711610684678576
2024-04-10 05:49:04,Run,1879,2,4,2024,101,-0.47557095354263684
2024-04-08 16:40:01,Swim,1692,0,4,2024,99,-0.5624880946748159
2024-04-07 21:37:21,Run,5472,6,4,2024,98,1.1944466298152203
2024-04-04 23:50:29,Run,1905,3,4,2024,95,-0.46348621734244083
2024-04-03 20:00:44,Run,2169,2,4,2024,94,-0.34077966515583513
2024-04-01 22:49:53,Run,1171,0,4,2024,92,-0.8046476162248976
2024-04-01 22:00:58,Run,1174,0,4,2024,92,-0.8032532235864134
2024-04-01 16:25:06,Swim,1716,0,4,2024,92,-0.5513329535669426
2024-03-31 20:23:04,Run,4163,6,3,2024,91,0.586026641889967
2024-03-30 14:07:53,Ride,12944,5,3,2024,90,4.667413894733091
2024-03-29 20:03:48,Ride,4831,4,3,2024,89,0.8965114027257723
2024-03-29 12:43:17,Swim,2005,4,3,2024,89,-0.41700646272630226
2024-03-28 16:47:12,Run,2695,3,3,2024,88,-0.09629615587494647
2024-03-28 01:06:36,Run,2251,3,3,2024,88,-0.3026662663706015
2024-03-27 16:20:28,Swim,1547,2,3,2024,87,-0.6298837388682167
2024-03-27 04:09:48,Run,2555,2,3,2024,87,-0.1613678123375404
2024-03-25 16:25:42,Swim,2239,0,3,2024,85,-0.30824383692453816
2024-03-24 13:02:28,Ride,6075,6,3,2024,84,1.4747195501505357
2024-03-23 18:42:58,Run,3560,5,3,2024,83,0.30575372155465175
2024-03-22 21:38:32,Swim,2544,4,3,2024,82,-0.16648058534531565
2024-03-21 03:11:47,Run,1342,3,3,2024,81,-0.7251672358313007
2024-03-19 17:00:12,Ride,5085,1,3,2024,79,1.0145699794507643
2024-03-18 22:04:21,Run,1753,0,3,2024,78,-0.5341354443589713
2024-03-17 12:57:00,Ride,11963,6,3,2024,77,4.211447501948772
2024-03-16 22:14:13,Run,3005,5,3,2024,76,0.04779108343508295
2024-03-15 22:08:02,Ride,2878,4,3,2024,75,-0.011238204927412978
2024-03-14 23:52:18,Run,292,3,3,2024,74,-1.2132046593007553
2024-03-14 22:51:10,Run,3552,3,3,2024,74,0.3020353411853607
2024-03-13 16:31:19,Swim,1615,2,3,2024,73,-0.5982775057292425
2024-03-12 16:52:35,Run,2789,1,3,2024,72,-0.05260518653577626
2024-03-11 13:28:07,Run,2307,0,3,2024,71,-0.27663760378556396
2024-03-05 16:13:36,Run,4907,1,3,2024,65,0.9318360162340377
2024-03-01 16:15:47,Walk,969,4,3,2024,61,-0.8985367205494974
2024-02-27 18:15:08,Run,3698,1,2,2024,58,0.3698957829249229
2024-02-26 13:49:00,Swim,2026,0,2,2024,57,-0.4072457142569132
2024-02-24 21:31:36,Swim,1203,5,2,2024,55,-0.7897740947477332
2024-02-24 15:27:03,Ride,1241,5,2,2024,55,-0.7721117879936006
2024-02-23 21:15:58,Swim,1478,4,2,2024,54,-0.6619547695533523
2024-02-23 03:15:28,Run,2764,4,2,2024,54,-0.0642251251898109
2024-02-20 14:31:25,Run,2061,1,2,2024,51,-0.3909778001412647
2024-02-19 17:31:47,Swim,1975,0,2,2024,50,-0.43095038911114386
2024-02-18 15:26:15,Ride,4855,6,2,2024,49,0.9076665438336456
2024-02-17 20:28:08,Run,5667,5,2,2024,48,1.2850821513166903
2024-02-16 21:36:51,Ride,2957,4,2,2024,47,0.025480801219336453
2024-02-14 14:40:12,Run,2036,2,2,2024,45,-0.40259773879529936
2024-02-13 13:13:14,Swim,2011,1,2,2024,44,-0.41421767744933397
2024-02-12 13:30:05,Swim,2000,0,2,2024,43,-0.4193304504571092
2024-02-11 19:18:49,Ride,4468,6,2,2024,42,0.7277898934691895
2024-02-10 19:10:24,Run,4983,5,2,2024,41,0.9671606297423029
2024-02-08 17:22:48,Swim,1655,3,2,2024,39,-0.5796856038827871
2024-02-08 02:49:08,Run,2177,3,2,2024,39,-0.337061284786544
2024-02-08 01:37:48,Ride,1467,3,2,2024,39,-0.6670675425611275
2024-02-06 14:17:59,Swim,1982,1,2,2024,37,-0.42769680628801415
2024-02-05 13:21:28,Swim,2038,0,2,2024,36,-0.40166814370297654
2024-02-03 15:01:59,Ride,11509,5,2,2024,34,4.000429415991503
2024-02-01 18:24:15,Run,3784,3,2,2024,32,0.409868371894802
2024-01-31 17:34:40,Swim,2039,2,1,2024,31,-0.4012033461568152
2024-01-30 14:04:38,Run,3484,1,1,2024,30,0.2704291080463865
2024-01-29 18:14:52,Swim,1957,0,1,2024,29,-0.43931674494204875
2024-01-28 15:58:44,Ride,4996,6,1,2024,28,0.9732029978424009
2024-01-27 19:23:28,Run,4356,5,1,2024,27,0.6757325682991144
2024-01-26 22:15:00,Ride,3623,4,1,2024,26,0.335035966962819
2024-01-24 17:44:22,Swim,1309,2,1,2024,24,-0.7405055548546264
2024-01-24 17:31:05,Swim,710,2,1,2024,24,-1.0189192850052962
2024-01-23 13:16:28,Swim,2279,1,1,2024,23,-0.28965193507808273
2024-01-22 22:40:11,Run,3441,0,1,2024,22,0.25044281356144693
2024-01-21 14:18:53,Ride,7199,6,1,2024,21,1.9971519920359329
2024-01-20 19:36:53,Run,3050,5,1,2024,20,0.06870697301234528
2024-01-20 00:05:56,Run,797,5,1,2024,20,-0.9784818984892556
2024-01-19 15:31:45,Swim,1055,4,1,2024,19,-0.8585641315796182
2024-01-18 13:11:06,Swim,1730,3,1,2024,18,-0.5448257879206833
2024-01-17 17:23:03,Swim,2046,2,1,2024,17,-0.3979497633336855
2024-01-16 13:19:43,Swim,1769,1,1,2024,16,-0.5266986836203892
2024-01-13 22:23:09,Run,2098,5,1,2024,13,-0.37378029093329346
2024-01-12 19:07:48,Run,5416,4,1,2024,12,1.1684179672301827
2024-01-10 22:43:44,Walk,1467,2,1,2024,10,-0.6670675425611275
2024-01-08 23:16:52,Run,4618,0,1,2024,8,0.7975095253933974
2024-01-08 00:26:58,Run,2249,0,1,2024,8,-0.3035958614629243
2024-01-02 19:32:04,Run,8719,1,1,2024,2,2.703644262201238
2023-12-30 17:20:35,Walk,9755,5,12,2023,364,3.1851745200244332
2023-12-25 20:40:06,Run,4259,0,12,2023,359,0.63064720632146
2023-12-24 20:21:07,Run,6667,6,12,2023,358,1.7498796974780757
2023-12-22 22:07:01,Run,3897,4,12,2023,356,0.4623904946110386
2023-12-21 19:38:56,Run,1639,3,12,2023,355,-0.5871223646213692
2023-12-20 22:35:20,Run,3677,2,12,2023,354,0.3601350344555338
2023-12-19 22:31:49,Run,2330,1,12,2023,353,-0.26594726022385207
2023-12-17 18:50:11,Run,2588,6,12,2023,351,-0.1460294933142147
2023-12-17 03:52:29,Run,1491,6,12,2023,351,-0.6559124014532542
2023-12-15 21:09:38,Run,3774,4,12,2023,349,0.4052203964331882
2023-12-13 18:53:06,Ride,7370,2,12,2023,347,2.0766323724295295
2023-12-12 01:18:34,Run,2143,1,12,2023,346,-0.35286440135603114
2023-12-08 21:05:37,Run,2678,4,12,2023,342,-0.10419771415969002
2023-12-07 21:29:06,Run,2047,3,12,2023,341,-0.3974849657875241
2023-12-07 06:10:39,Run,765,3,12,2023,341,-0.99335541996642
2023-12-05 17:59:25,Run,1733,1,12,2023,339,-0.5434313952821991
2023-12-03 20:04:27,Ride,6306,6,12,2023,337,1.5820877833138156
2023-12-02 22:23:14,Run,4041,5,12,2023,336,0.529321341258278
2023-12-01 00:04:07,Run,2275,4,12,2023,335,-0.29151112526272827
2023-11-29 21:50:37,Run,4124,2,11,2023,333,0.567899537589673
2023-11-27 22:05:16,Run,2975,0,11,2023,331,0.03384715705024139
2023-11-25 16:26:22,Run,3123,5,11,2023,329,0.1026371938821264
2023-11-24 21:18:33,Ice Skate,2573,4,11,2023,328,-0.15300145650663546
2023-11-23 14:35:02,Run,1578,3,11,2023,327,-0.6154750149372138
2023-11-23 00:26:12,Run,3659,3,11,2023,327,0.3517686786246289
2023-11-16 23:08:11,Run,2531,3,11,2023,320,-0.17252295344541366
2023-11-16 19:08:43,Ride,6186,3,11,2023,320,1.5263120777744494
2023-11-15 20:52:41,Ride,6186,2,11,2023,319,1.5263120777744494
2023-11-15 02:56:08,Run,1805,2,11,2023,319,-0.5099659719585793
2023-11-13 14:17:23,Run,3009,0,11,2023,317,0.049650273619728486
2023-11-11 00:19:41,Swim,1526,5,11,2023,315,-0.6396444873376058
2023-11-10 03:17:06,Run,3587,4,11,2023,314,0.31830325530100917
2023-11-08 21:46:19,Run,3465,2,11,2023,312,0.2615979546693202
2023-11-06 19:30:45,Ride,6230,0,11,2023,310,1.5467631698055504
2023-11-04 18:55:41,Run,9057,5,11,2023,308,2.8607458328037865
2023-11-03 20:07:04,Ride,3932,4,11,2023,307,0.478658408726687
2023-11-02 20:57:18,Run,2792,3,11,2023,306,-0.051210793897292106
2023-11-02 00:06:39,Swim,507,3,11,2023,306,-1.1132731868760573
2023-11-01 05:31:43,Run,349,2,11,2023,305,-1.1867111991695563
2023-10-30 20:54:11,Swim,2115,0,10,2023,303,-0.3658787326485499
2023-10-29 22:14:38,Run,2380,6,10,2023,302,-0.2427073829157828
2023-10-29 20:16:10,Swim,2053,6,10,2023,302,-0.39469618051055577
2023-10-28 18:03:23,Ride,9790,5,10,2023,301,3.201442434140082
2023-10-26 17:37:44,Run,3659,3,10,2023,299,0.3517686786246289
2023-10-26 04:42:46,Run,1930,3,10,2023,299,-0.4518662786884062
2023-10-23 21:28:35,Run,5049,0,10,2023,296,0.9978372677889543
2023-10-22 13:54:52,Ride,10044,6,10,2023,295,3.319501010865074
2023-10-21 15:26:52,Hike,10546,5,10,2023,294,3.552829379038089
2023-10-20 23:24:53,Run,1589,4,10,2023,293,-0.6103622419294386
2023-10-19 21:11:17,Ride,6023,3,10,2023,292,1.4505500777501437
2023-10-18 19:26:55,Swim,2199,2,10,2023,291,-0.32683573877099353
2023-10-18 04:34:20,Run,1804,2,10,2023,291,-0.5104307695047408
2023-10-16 21:34:06,Run,3829,0,10,2023,289,0.4307842614720644
2023-10-15 14:53:16,Ride,6019,6,10,2023,288,1.448690887565498
2023-10-13 20:50:55,Ride,5851,4,10,2023,286,1.3706048998103852
2023-10-13 16:56:22,Run,1777,4,10,2023,286,-0.5229803032510981
2023-10-07 14:36:03,Run,2291,5,10,2023,280,-0.2840743645241461
2023-10-07 13:25:39,Ride,4173,5,10,2023,280,0.5906746173515809
2023-10-07 13:06:16,Swim,919,5,10,2023,280,-0.9217765978575666
2023-10-06 20:00:31,Run,1075,4,10,2023,279,-0.8492681806563905
2023-10-04 21:45:26,Run,3613,2,10,2023,277,0.3303879915012052
2023-10-03 16:21:27,Swim,1370,1,10,2023,276,-0.7121529045387819
2023-10-02 18:30:15,Ride,6130,0,10,2023,275,1.5002834151894118
2023-10-01 22:27:16,Run,4393,6,10,2023,274,0.6929300775070857
2023-09-29 19:55:40,Ride,3840,4,9,2023,272,0.43589703447983963
2023-09-29 16:36:00,Swim,1486,4,9,2023,272,-0.6582363891840612
2023-09-27 19:36:23,Run,2563,2,9,2023,270,-0.15764943196824932
2023-09-25 22:29:57,Run,3064,0,9,2023,268,0.07521413865860467
2023-09-23 13:51:16,Run,2245,5,9,2023,266,-0.3054550516475698
2023-09-23 12:36:47,Ride,4386,5,9,2023,266,0.689676494683956
2023-09-23 11:35:29,Run,334,5,9,2023,266,-1.193683162361977
2023-09-22 12:50:28,Run,2168,4,9,2023,265,-0.3412444627019965
2023-09-20 23:53:23,Workout,1763,2,9,2023,263,-0.5294874688973575
2023-09-20 16:25:11,Swim,2016,2,9,2023,263,-0.411893689718527
2023-09-19 23:09:43,Run,1618,1,9,2023,262,-0.5968831130907584
2023-09-19 22:10:24,Ride,3466,1,9,2023,262,0.26206275221548153
2023-09-17 22:01:42,Run,4656,6,9,2023,260,0.81517183214753
2023-09-17 11:32:24,Ride,4220,6,9,2023,260,0.612520102021166
2023-09-15 22:30:24,Run,1262,4,9,2023,258,-0.7623510395242115
2023-09-15 20:24:49,Ride,4770,4,9,2023,258,0.8681587524099279
2023-09-14 22:06:08,Run,3650,3,9,2023,257,0.34758550070917643
2023-09-13 16:42:32,Run,2350,2,9,2023,256,-0.25665130930062435
2023-09-12 23:14:20,Run,1241,1,9,2023,255,-0.7721117879936006
2023-09-12 22:14:22,Ride,3487,1,9,2023,255,0.2718235006848706
2023-09-11 16:26:16,Swim,1561,0,9,2023,254,-0.6233765732219573
2023-09-10 15:56:14,Run,5374,6,9,2023,253,1.1488964702914046
2023-09-08 22:18:10,Run,2991,4,9,2023,251,0.04128391778882355
2023-09-07 21:36:17,Run,4023,3,9,2023,250,0.5209549854273731
2023-09-04 16:11:00,Run,1865,0,9,2023,247,-0.4820781191888962
2023-09-03 16:16:16,Run,3680,6,9,2023,246,0.361529427094018
2023-09-01 23:05:38,Run,1949,4,9,2023,244,-0.4430351253113399
2023-08-31 19:46:05,Ride,11804,3,8,2023,243,4.1375446921091115
2023-08-30 21:54:23,Ride,4891,2,8,2023,242,0.9243992554954554
2023-08-28 22:20:29,Run,3614,0,8,2023,240,0.33085278904736654
2023-08-27 19:15:14,Run,5390,6,8,2023,239,1.1563332310299868
2023-08-26 19:45:29,Run,2405,5,8,2023,238,-0.23108744426174818
2023-08-24 20:44:45,Run,2536,3,8,2023,236,-0.17019896571460671
2023-08-23 23:34:52,Run,3174,2,8,2023,235,0.12634186873635705
2023-08-22 21:59:36,Run,4458,1,8,2023,234,0.7231419180075757
2023-08-19 21:42:31,Run,2172,5,8,2023,231,-0.33938527251735096
2023-08-16 15:01:21,Run,2503,2,8,2023,228,-0.18553728473793243
2023-08-15 22:45:06,Run,1377,1,8,2023,227,-0.7088993217156522
2023-08-14 19:23:36,Swim,116,0,8,2023,226,-1.2950090274251589
2023-08-14 19:16:05,Run,371,0,8,2023,226,-1.1764856531540058
2023-08-14 16:56:28,Run,2246,0,8,2023,226,-0.30499025410140845
2023-08-12 21:32:21,Run,2272,5,8,2023,224,-0.29290551790121244
2023-08-11 00:54:57,Run,1947,4,8,2023,223,-0.44396472040366264
2023-08-09 21:44:29,Run,4420,2,8,2023,221,0.705479611253443
2023-08-09 00:23:10,Run,1379,2,8,2023,221,-0.7079697266233295
2023-08-07 21:05:41,Run,1819,0,8,2023,219,-0.50345880631232
2023-08-06 15:44:17,Run,4656,6,8,2023,218,0.81517183214753
2023-08-03 23:39:08,Run,2793,3,8,2023,215,-0.05074599635113072
2023-08-02 00:51:11,Run,1877,2,8,2023,214,-0.4765005486349596
2023-07-29 17:04:06,Run,8554,5,7,2023,210,2.62695266708461
2023-07-28 00:28:03,Run,2842,4,7,2023,209,-0.027970916589222846
2023-07-26 21:58:33,Swim,1977,2,7,2023,207,-0.4300207940188211
2023-07-26 00:00:56,Run,3971,2,7,2023,207,0.4967855130269811
2023-07-25 00:10:21,Run,2068,1,7,2023,206,-0.387724217318135
2023-07-23 14:06:58,Run,2264,6,7,2023,204,-0.2966238982705035
2023-07-23 12:54:05,Ride,4322,6,7,2023,204,0.6599294517296272
2023-07-23 12:20:08,Swim,1955,6,7,2023,204,-0.4402463400343715
2023-07-20 22:30:37,Run,2080,3,7,2023,201,-0.3821466467641984
2023-07-20 21:41:07,Ride,2808,3,7,2023,201,-0.043774033158709945
2023-07-19 23:24:54,Run,2246,2,7,2023,200,-0.30499025410140845
2023-07-18 22:27:31,Run,1699,1,7,2023,199,-0.5592345118516862
2023-07-18 00:06:36,Ride,2976,1,7,2023,199,0.03431195459640277
2023-07-17 22:14:45,Swim,1757,0,7,2023,198,-0.5322762541743258
2023-07-16 23:15:47,Run,4379,6,7,2023,197,0.6864229118608263
2023-07-15 21:36:13,Ride,524,5,7,2023,196,-1.1053716285913138
2023-07-15 18:24:35,Ride,8536,5,7,2023,196,2.6185863112537047
2023-07-14 22:38:55,Run,788,4,7,2023,195,-0.9826650764047081
2023-07-11 22:23:49,Run,2390,1,7,2023,192,-0.23805940745416898
2023-07-10 21:25:36,Run,2543,0,7,2023,191,-0.16694538289147703
2023-07-09 15:47:06,Run,62,6,7,2023,190,-1.3201080949178738
2023-07-09 15:36:06,Run,354,6,7,2023,190,-1.1843872114387493
2023-07-09 12:50:01,Run,6640,6,7,2023,190,1.7373301637317182
2023-07-08 22:44:45,Run,1306,5,7,2023,189,-0.7418999474931105
2023-07-06 23:04:45,Run,1995,3,7,2023,187,-0.42165443818791615
2023-07-05 21:03:07,Run,2688,2,7,2023,186,-0.09954973869807617
2023-07-04 10:36:31,Run,5964,1,7,2023,185,1.423127022526622
2023-07-03 19:17:25,Run,2232,0,7,2023,184,-0.3114974197476678
2023-07-01 18:16:44,Run,2595,5,7,2023,182,-0.14277591049108498
2023-06-30 21:55:28,Run,3439,4,6,2023,181,0.24951321846912414
2023-06-29 21:23:47,Run,1784,3,6,2023,180,-0.5197267204279684
2023-06-28 23:23:48,Run,2238,2,6,2023,179,-0.3087086344706995
2023-06-28 22:29:43,Ride,2920,2,6,2023,179,0.008283292011365202
2023-06-27 20:14:40,Run,3050,1,6,2023,178,0.06870697301234528
2023-06-27 01:49:21,Run,2163,1,6,2023,178,-0.34356845043280343
2023-06-25 21:26:30,Run,3402,6,6,2023,176,0.2323157092611529
2023-06-24 18:13:51,Run,3466,5,6,2023,175,0.26206275221548153
2023-06-23 22:35:08,Run,2690,4,6,2023,174,-0.0986201436057534
2023-06-21 01:37:30,Run,2578,2,6,2023,172,-0.15067746877582855
2023-06-19 14:23:57,Run,5548,0,6,2023,170,1.2297712433234855
2023-06-16 16:40:22,Run,3837,4,6,2023,167,0.43450264184135545
2023-06-16 00:06:34,Run,3065,4,6,2023,167,0.07567893620476605
2023-06-14 20:45:14,Run,2028,2,6,2023,165,-0.40631611916459043
2023-06-13 21:08:54,Ride,9265,1,6,2023,164,2.9574237224053546
2023-06-12 22:00:04,Run,3887,0,6,2023,163,0.4577425191494247
2023-06-11 21:41:55,Run,3317,6,6,2023,162,0.19280791783743514
2023-06-10 22:27:21,Run,627,5,6,2023,161,-1.057497481336691
2023-06-08 22:56:56,Swim,2688,3,6,2023,159,-0.09954973869807617
2023-06-07 22:03:44,Run,2221,2,6,2023,158,-0.31661019275544305
2023-06-06 21:10:38,Run,2966,1,6,2023,157,0.02966397913478892
2023-06-03 15:55:27,Run,9165,5,6,2023,154,2.910943967789216
2023-06-01 20:56:12,Swim,1879,3,6,2023,152,-0.47557095354263684
2023-06-01 18:22:14,Run,1200,3,6,2023,152,-0.7911684873862174
2023-05-31 15:38:51,Ride,7688,2,5,2023,151,2.22443799210885
2023-05-29 22:16:27,Run,2659,0,5,2023,149,-0.11302886753675634
2023-05-28 18:20:29,Ride,10538,6,5,2023,148,3.549110998668798
2023-05-26 16:45:53,Run,2656,4,5,2023,146,-0.1144232601752405
2023-05-25 21:31:11,Ride,5420,3,5,2023,145,1.1702771574148283
2023-05-20 20:39:21,Run,201,5,5,2023,140,-1.2555012360014413
2023-05-15 18:36:19,Run,4456,0,5,2023,135,0.722212322915253
2023-05-13 20:41:46,Run,4879,5,5,2023,133,0.9188216849415188
2023-05-12 16:38:36,Run,6236,4,5,2023,132,1.5495519550825185
2023-05-09 03:12:25,Run,3188,1,5,2023,129,0.13284903438261644
2023-05-06 00:21:35,Run,1891,5,5,2023,126,-0.4699933829887002
2023-05-03 18:47:13,Run,4545,2,5,2023,123,0.7635793045236162
2023-04-29 15:23:06,Run,954,5,4,2023,119,-0.9055086837419182
2023-04-29 05:17:41,Run,903,5,4,2023,119,-0.9292133585961488
2023-04-28 17:35:35,Run,3757,4,4,2023,118,0.39731883814844465
2023-04-24 19:30:04,Run,1923,0,4,2023,114,-0.4551198615115359
2023-04-21 16:56:01,Run,3236,4,4,2023,111,0.15515931659836293
2023-04-19 16:38:57,Run,2370,2,4,2023,109,-0.24735535837739667
2023-04-17 16:56:25,Run,3650,0,4,2023,107,0.34758550070917643
2023-04-15 13:07:51,Run,2182,5,4,2023,105,-0.33473729705573707
2023-04-14 17:01:28,Run,1782,4,4,2023,104,-0.5206563155202912
2023-04-12 17:08:26,Run,2291,2,4,2023,102,-0.2840743645241461
2023-04-12 04:29:16,Run,2139,2,4,2023,102,-0.3547235915406767
2023-04-08 14:54:19,Run,4591,5,4,2023,98,0.7849599916470399
2023-04-05 18:41:43,Run,1503,2,4,2023,95,-0.6503348308993177
2023-04-04 20:30:03,Run,252,1,4,2023,94,-1.2317965611472106
2023-04-04 19:19:55,Run,2522,1,4,2023,94,-0.17670613136086613
2023-03-31 16:55:14,Run,1782,4,3,2023,90,-0.5206563155202912
2023-03-29 21:31:53,Ride,3262,2,3,2023,88,0.16724405279855895
2023-03-28 20:38:29,Run,1921,1,3,2023,87,-0.45604945660385865
2023-03-25 16:45:10,Run,6571,5,3,2023,84,1.7052591330465827
2023-03-23 20:46:57,Run,1518,3,3,2023,82,-0.6433628677068969
2023-03-22 19:17:33,Run,2869,2,3,2023,81,-0.015421382842865445
2023-03-21 19:03:55,Run,2431,1,3,2023,80,-0.21900270806155217
2023-03-17 17:29:34,Run,2998,4,3,2023,76,0.044537500611953246
2023-03-08 14:20:28,Run,121,2,3,2023,67,-1.2926850396943521
2023-03-03 22:48:05,Run,1910,4,3,2023,62,-0.4611622296116339
2023-03-01 21:26:18,Run,3581,2,3,2023,60,0.3155144700240408
2023-02-27 16:17:30,Run,727,0,2,2023,58,-1.0110177267205527
2023-02-24 21:54:33,Run,2083,4,2,2023,55,-0.38075225412571423
2023-02-23 23:01:45,Run,2879,3,2,2023,54,-0.010773407381251593
2023-02-22 19:57:59,Ride,2493,2,2,2023,53,-0.1901852601995463
2023-02-20 17:46:59,Run,4083,0,2,2023,51,0.5488428381970563
2023-02-18 00:56:46,Run,2330,5,2,2023,49,-0.26594726022385207
2023-02-13 20:29:43,Run,3638,0,2,2023,44,0.3420079301552398
2023-02-11 21:36:06,Run,1766,5,2,2023,42,-0.5280930762588734
2023-02-11 03:20:24,Run,1584,5,2,2023,42,-0.6126862296602454
2023-02-08 20:10:26,Run,2392,2,2,2023,39,-0.2371298123618462
2023-02-08 03:29:31,Run,1892,2,2,2023,39,-0.46952858544253884
2023-02-06 18:51:14,Run,2099,0,2,2023,37,-0.37331549338713205
2023-02-01 17:50:13,Run,2840,2,2,2023,32,-0.02890051168154562
2023-01-28 18:33:52,Alpine Ski,4235,5,1,2023,28,0.6194920652135868
2023-01-27 21:38:47,Run,5590,4,1,2023,27,1.2492927402622638
2023-01-25 21:40:24,Run,2478,2,1,2023,25,-0.19715722339196706
2023-01-21 15:02:49,Run,4226,5,1,2023,21,0.6153088872981343
2023-01-19 19:25:59,Run,1617,3,1,2023,19,-0.5973479106369197
2023-01-15 23:10:07,Run,540,6,1,2023,15,-1.0979348678527316
2023-01-14 23:17:31,Run,2181,5,1,2023,14,-0.3352020946018985
2023-01-11 18:42:43,Run,1890,2,1,2023,11,-0.4704581805348616
2023-01-10 20:22:13,Run,2052,1,1,2023,10,-0.3951609780567172
2023-01-09 20:24:15,Run,3221,0,1,2023,9,0.14818735340594216
2023-01-07 23:58:51,Run,1819,5,1,2023,7,-0.50345880631232
2023-01-05 18:43:45,Run,935,3,1,2023,5,-0.9143398371189845
2023-01-04 19:20:59,Run,1902,2,1,2023,4,-0.46488060998092495
2023-01-03 20:24:19,Run,3169,1,1,2023,3,0.12401788100555013
2023-01-02 15:37:49,Run,3373,0,1,2023,2,0.2188365804224727
2023-01-01 22:18:00,Run,3373,6,1,2023,1,0.2188365804224727
2022-12-31 18:00:38,Run,2529,5,12,2022,365,-0.17345254853773642
2022-12-29 16:41:24,Run,4742,3,12,2022,363,0.8551444211174091
2022-12-26 21:50:07,Run,3781,0,12,2022,360,0.4084739792563179
2022-12-25 21:06:00,Run,7320,6,12,2022,359,2.0533924951214604
2022-12-21 18:23:16,Run,1882,2,12,2022,355,-0.47417656090415267
2022-12-20 22:23:51,Run,3615,1,12,2022,354,0.33131758659352795
2022-12-19 20:36:34,Run,3116,0,12,2022,353,0.09938361105899671
2022-12-17 19:13:17,Run,3492,5,12,2022,351,0.27414748841567754
2022-12-17 18:25:11,Run,904,5,12,2022,351,-0.9287485610499874
2022-12-16 20:39:41,Run,3128,4,12,2022,350,0.10496118161293333
2022-12-14 17:25:12,Run,1719,2,12,2022,348,-0.5499385609284585
2022-12-13 18:28:07,Run,2911,1,12,2022,347,0.004100114095912734
2022-12-10 18:17:11,Run,2900,5,12,2022,344,-0.0010126589118625037
2022-12-09 18:14:55,Run,2717,4,12,2022,343,-0.086070609859396
2022-12-08 18:30:12,Run,4080,3,12,2022,342,0.5474484455585721
2022-12-05 22:07:35,Run,1972,0,12,2022,339,-0.432344781749628
2022-12-04 20:40:02,Run,3003,6,12,2022,338,0.046861488342760174
2022-12-03 21:04:18,Run,1265,5,12,2022,337,-0.7609566468857274
2022-12-02 21:11:59,Run,2558,4,12,2022,336,-0.15997341969905626
2022-11-28 22:09:34,Run,1752,0,11,2022,332,-0.5346002419051328
2022-11-27 20:42:31,Run,2904,6,11,2022,331,0.0008465312727830371
2022-11-26 21:05:42,Run,4888,5,11,2022,330,0.9230048628569714
2022-11-24 14:39:42,Run,1708,3,11,2022,328,-0.5550513339362337
2022-11-23 18:27:49,Run,2851,2,11,2022,327,-0.02378773867377038
2022-11-22 19:24:47,Run,2648,1,11,2022,326,-0.11814164054453158
2022-11-21 18:06:35,Run,3234,0,11,2022,325,0.15422972150604017
2022-11-15 14:24:58,Run,1918,1,11,2022,319,-0.45744384924234277
2022-11-12 20:38:47,Run,2205,5,11,2022,316,-0.32404695349402524
2022-11-10 06:18:09,Run,1212,3,11,2022,314,-0.7855909168322808
2022-11-08 14:41:08,Run,1179,1,11,2022,312,-0.8009292358556065
2022-11-07 21:28:57,Ride,2975,0,11,2022,311,0.03384715705024139
2022-11-05 18:59:18,Run,1985,5,11,2022,309,-0.42630241364953
2022-11-05 02:58:57,Run,905,5,11,2022,309,-0.928283763503826
2022-11-04 00:43:16,Run,3036,4,11,2022,308,0.06219980736608589
2022-11-02 21:27:52,Run,2581,2,11,2022,306,-0.1492830761373444
2022-10-31 19:33:01,Run,1959,0,10,2022,304,-0.438387149849726
2022-10-30 19:48:30,Run,3017,6,10,2022,303,0.05336865398901957
2022-10-26 20:06:32,Run,2877,2,10,2022,299,-0.011703002473574364
2022-10-24 22:34:26,Run,3064,0,10,2022,297,0.07521413865860467
2022-10-24 03:28:33,Run,1195,0,10,2022,297,-0.7934924751170244
2022-10-22 16:32:23,Run,1769,5,10,2022,295,-0.5266986836203892
2022-10-20 18:29:01,Run,3420,3,10,2022,293,0.2406820650920578
2022-10-19 21:04:45,Run,1988,2,10,2022,292,-0.42490802101104586
2022-10-16 20:06:15,Workout,309,6,10,2022,289,-1.2053031010160116
2022-10-16 20:00:19,Workout,315,6,10,2022,289,-1.2025143157390432
2022-10-13 01:52:41,Run,2366,3,10,2022,286,-0.24921454856204223
2022-10-10 22:22:42,Swim,3000,0,10,2022,283,0.04546709570427602
2022-10-09 18:28:58,Run,3105,6,10,2022,282,0.09427083805122147
2022-10-08 01:20:45,Run,4072,5,10,2022,281,0.543730065189281
2022-10-06 20:07:18,Ride,2469,3,10,2022,279,-0.20134040130741954
2022-10-05 20:20:10,Run,2808,2,10,2022,278,-0.043774033158709945
2022-10-04 02:23:08,Run,3137,1,10,2022,277,0.10914435952838579
2022-10-01 17:24:20,Run,5498,5,10,2022,274,1.2065313660154162
2022-09-29 18:04:29,Run,2545,3,9,2022,272,-0.16601578779915427
2022-09-28 20:54:18,Run,2232,2,9,2022,271,-0.3114974197476678
2022-09-27 21:59:06,Run,3379,1,9,2022,270,0.22162536569944102
2022-09-26 20:37:51,Run,1859,0,9,2022,269,-0.4848669044658645
2022-09-24 22:32:11,Ride,2640,5,9,2022,267,-0.12186002091382266
2022-09-24 00:16:35,Run,2765,5,9,2022,267,-0.06376032764364951
2022-09-21 22:33:30,Run,3001,2,9,2022,264,0.0459318932504374
2022-09-20 13:20:10,Run,2651,1,9,2022,263,-0.11674724790604743
2022-09-19 19:47:21,Run,653,0,9,2022,262,-1.0454127451364952
2022-09-19 18:58:46,Run,2673,0,9,2022,262,-0.10652170189049695
2022-09-15 13:37:47,Run,1194,3,9,2022,258,-0.7939572726631857
2022-09-13 16:50:07,Run,1982,1,9,2022,256,-0.42769680628801415
2022-09-13 03:59:58,Run,1352,1,9,2022,256,-0.7205192603696868
2022-09-11 20:50:56,Run,4998,6,9,2022,254,0.9741325929347237
2022-09-10 19:30:41,Run,2275,5,9,2022,253,-0.29151112526272827
2022-09-09 02:45:09,Run,3693,4,9,2022,252,0.367571795194116
2022-09-07 23:03:01,Run,2220,2,9,2022,250,-0.31707499030160446
2022-09-06 20:56:08,Run,4109,1,9,2022,249,0.5609275743972523
2022-09-05 00:07:26,Run,1787,0,9,2022,248,-0.5183323277894842
2022-09-03 18:18:37,Run,4312,5,9,2022,246,0.6552814762680135
2022-09-01 23:13:10,Run,3459,3,9,2022,244,0.2588091693923518
2022-08-30 22:57:54,Run,870,1,8,2022,242,-0.9445516776194746
2022-08-30 22:24:21,Run,845,1,8,2022,242,-0.9561716162735091
2022-08-30 21:48:36,Run,688,1,8,2022,242,-1.0291448310208466
2022-08-29 19:12:42,Run,2910,0,8,2022,241,0.0036353165497513486
2022-08-27 22:22:43,Run,1284,5,8,2022,239,-0.752125493508661
2022-08-26 22:10:51,Run,2613,4,8,2022,238,-0.13440955466018006
2022-08-24 22:06:27,Ride,6690,2,8,2022,236,1.7605700410397875
2022-08-23 20:53:30,Run,1736,1,8,2022,235,-0.5420370026437149
2022-08-22 21:58:07,Run,3262,0,8,2022,234,0.16724405279855895
2022-08-21 23:15:01,Run,4010,6,8,2022,233,0.5149126173272751
2022-08-19 17:27:51,Kayaking,1953,4,8,2022,231,-0.44117593512669434
2022-08-19 13:26:07,Run,3368,4,8,2022,231,0.21651259269166578
2022-08-17 14:53:05,Run,3826,2,8,2022,229,0.4293898688335802
2022-08-15 20:38:18,Ride,3121,0,8,2022,227,0.10170759878980364
2022-08-15 17:57:28,Ride,938,0,8,2022,227,-0.9129454444805003
2022-08-15 15:42:59,Ride,2974,0,8,2022,227,0.03338235950408
2022-08-12 17:06:18,Hike,5520,4,8,2022,224,1.2167569120309667
2022-08-10 12:50:13,Ride,9160,2,8,2022,222,2.9086199800584094
2022-08-09 18:27:11,Run,2275,1,8,2022,221,-0.29151112526272827
2022-08-08 16:05:40,Run,2597,0,8,2022,220,-0.14184631539876222
2022-08-07 14:24:50,Run,2108,6,8,2022,219,-0.36913231547167963
2022-08-06 15:23:44,Run,1467,5,8,2022,218,-0.6670675425611275
2022-08-05 13:28:10,Run,2575,4,8,2022,217,-0.1520718614143127
2022-08-03 23:54:06,Run,3290,2,8,2022,215,0.18025838409107772
2022-08-02 20:32:18,Run,203,1,8,2022,214,-1.2545716409091185
2022-07-31 19:38:17,Run,1680,6,7,2022,212,-0.5680656652287525
2022-07-30 15:40:22,Ride,14852,5,7,2022,211,5.554247612809014
2022-07-29 21:32:22,Run,2677,4,7,2022,210,-0.1046625117058514
2022-07-28 12:08:51,Run,3495,3,7,2022,209,0.2755418810541617
2022-07-26 20:55:15,Run,2478,1,7,2022,207,-0.19715722339196706
2022-07-25 19:11:06,Run,2073,0,7,2022,206,-0.3854002295873281
2022-07-23 12:41:20,Run,3075,5,7,2022,204,0.08032691166637991
2022-07-22 12:44:06,Run,2115,4,7,2022,203,-0.3658787326485499
2022-07-22 12:24:28,Run,902,4,7,2022,203,-0.9296781561423102
2022-07-20 17:13:06,Ride,14787,2,7,2022,201,5.524035772308524
2022-07-19 19:58:02,Run,1556,1,7,2022,200,-0.6257005609527643
2022-07-18 21:46:37,Run,3012,0,7,2022,199,0.05104466625821264
2022-07-16 20:29:59,Hike,2114,5,7,2022,197,-0.3663435301947113
2022-07-10 17:24:52,Run,2731,6,7,2022,191,-0.0795634442131366
2022-07-08 12:29:18,Run,4305,4,7,2022,189,0.6520278934448838
2022-07-07 21:01:22,Run,4615,3,7,2022,188,0.7961151327549132
2022-07-06 17:58:36,Run,2768,2,7,2022,187,-0.06236593500516535
2022-07-04 13:28:16,Run,498,0,7,2022,185,-1.11745636479151
2022-07-04 11:46:50,Run,935,0,7,2022,185,-0.9143398371189845
2022-07-03 14:37:32,Run,2110,6,7,2022,184,-0.3682027203793568
2022-07-01 21:27:18,Run,3616,4,7,2022,182,0.3317823841396893
2022-07-01 00:25:52,Run,3507,4,7,2022,182,0.2811194516080983
2022-06-29 13:33:19,Run,2926,2,6,2022,180,0.011072077288333513
2022-06-27 19:08:20,Run,3024,0,6,2022,178,0.056622236812149264
2022-06-26 23:23:44,Run,4286,6,6,2022,177,0.6431967400678175
2022-06-24 14:45:56,Ride,4830,4,6,2022,175,0.896046605179611
2022-06-24 02:19:38,Run,3250,4,6,2022,175,0.16166648224462232
2022-06-22 21:39:40,Run,3173,2,6,2022,173,0.12587707119019567
2022-06-21 15:24:58,Run,1420,1,6,2022,172,-0.6889130272307127
2022-06-20 17:31:44,Run,871,0,6,2022,171,-0.9440868800733131
2022-06-20 02:21:39,Run,7550,0,6,2022,171,2.160295930738579
2022-06-18 00:40:41,Run,4120,5,6,2022,169,0.5660403474050275
2022-06-16 18:50:00,Run,3720,3,6,2022,167,0.3801213289404734
2022-06-16 15:51:03,Run,2833,3,6,2022,167,-0.03215409450467532
2022-06-14 22:15:28,Ride,372,1,6,2022,165,-1.1760208556078444
2022-06-14 13:29:39,Run,2189,1,6,2022,165,-0.3314837142326074
2022-06-14 01:26:24,Run,851,1,6,2022,165,-0.9533828309965409
2022-06-14 00:17:38,Run,3191,1,6,2022,165,0.1342434270211006
2022-06-12 22:14:28,Run,208,6,6,2022,163,-1.2522476531783115
2022-06-12 17:04:28,Run,180,6,6,2022,163,-1.2652619844708304
2022-06-12 13:17:37,Run,212,6,6,2022,163,-1.250388462993666
2022-06-11 14:40:46,Run,3145,5,6,2022,162,0.11286273989767688
2022-06-09 16:06:48,Run,2683,3,6,2022,160,-0.1018737264288831
2022-06-08 00:27:50,Run,4176,2,6,2022,159,0.5920690099900651
2022-06-06 15:47:38,Run,3129,0,6,2022,157,0.10542597915909471
2022-06-05 15:52:02,Ride,4433,6,6,2022,156,0.711521979353541
2022-06-04 20:12:05,Run,2564,5,6,2022,155,-0.15718463442208794
2022-06-02 23:30:18,Run,1529,3,6,2022,153,-0.6382500946991216
2022-06-01 15:44:50,Ride,9370,2,6,2022,152,3.0062274647523
2022-05-31 13:10:08,Run,5443,1,5,2022,151,1.1809675009765401
2022-05-30 18:08:07,Run,2429,0,5,2022,150,-0.21993230315387494
2022-05-25 14:48:40,Run,1919,2,5,2022,145,-0.4569790516961814
2022-05-15 14:03:26,Run,2359,6,5,2022,135,-0.25246813138517193
2022-05-14 15:20:43,Run,5167,5,5,2022,134,1.052683378235998
2022-05-13 00:26:55,Run,1706,4,5,2022,133,-0.5559809290285564
2022-05-11 18:27:00,Run,2206,2,5,2022,131,-0.3235821559478638
2022-05-11 01:16:45,Run,1792,2,5,2022,131,-0.5160083400586774
2022-05-09 19:20:06,Run,1974,0,5,2022,129,-0.4314151866573052
2022-05-07 22:54:05,Run,2147,5,5,2022,127,-0.35100521117138556
2022-05-06 17:51:03,Run,2539,4,5,2022,126,-0.16880457307612257
2022-05-02 20:14:29,Run,4441,0,5,2022,122,0.7152403597228322
2022-05-02 03:04:45,Run,476,0,5,2022,122,-1.1276819108070604
2022-05-02 02:31:07,Run,1172,0,5,2022,122,-0.8041828186787362
2022-04-30 13:54:44,Run,1101,5,4,2022,120,-0.8371834444561945
2022-04-30 13:17:09,Ride,2233,5,4,2022,120,-0.31103262220150646
2022-04-30 12:16:48,Run,531,5,4,2022,120,-1.102118045768184
2022-04-28 13:29:53,Run,1648,3,4,2022,118,-0.5829391867059168
2022-04-28 01:04:59,Run,2129,3,4,2022,118,-0.3593715670022905
2022-04-26 13:08:29,Run,1803,1,4,2022,116,-0.5108955670509021
2022-04-22 21:23:18,Run,1876,4,4,2022,112,-0.47696534618112096
2022-04-21 17:57:42,Run,212,3,4,2022,111,-1.250388462993666
2022-04-21 16:40:44,Run,3239,3,4,2022,111,0.15655370923684708
2022-04-20 21:28:01,Run,1351,2,4,2022,110,-0.7209840579158482
2022-04-19 16:53:52,Run,3728,1,4,2022,109,0.38383970930976447
2022-04-16 12:22:43,Run,3920,5,4,2022,106,0.47308083817275043
2022-04-15 04:05:47,Run,747,4,4,2022,105,-1.001721775797325
2022-04-15 03:23:18,Run,661,4,4,2022,105,-1.0416943647672041
2022-04-13 20:25:23,Run,2046,2,4,2022,103,-0.3979497633336855
2022-04-12 17:36:59,Run,1729,1,4,2022,102,-0.5452905854668446
2022-04-12 03:33:15,Run,1556,1,4,2022,102,-0.6257005609527643
2022-04-11 22:08:44,Run,1961,0,4,2022,101,-0.4374575547574032
2022-04-11 21:17:14,Run,231,0,4,2022,101,-1.2415573096165997
2022-04-11 20:17:36,Run,1758,0,4,2022,101,-0.5318114566281644
2022-04-11 12:53:57,Run,1669,0,4,2022,101,-0.5731784382365277
2022-04-09 16:31:15,Run,4216,5,4,2022,99,0.6106609118365205
2022-04-07 00:45:56,Run,1887,3,4,2022,97,-0.4718525731733457
2022-04-06 04:32:07,Run,3335,2,4,2022,96,0.20117427366834006
2022-04-04 20:14:18,Run,3099,0,4,2022,94,0.09148205277425316
2022-03-30 04:05:48,Run,1816,2,3,2022,89,-0.504853198950804
2022-03-28 23:03:03,Run,217,0,3,2022,87,-1.2480644752628591
2022-03-28 21:31:16,Run,3436,0,3,2022,87,0.24811882583064
2022-03-27 18:25:21,Hike,5726,6,3,2022,86,1.312505206540212
2022-03-25 04:24:00,Run,1311,4,3,2022,84,-0.7395759597623036
2022-03-24 05:39:59,Run,2596,3,3,2022,83,-0.1423111129449236
2022-03-23 00:33:15,Run,1834,2,3,2022,82,-0.49648684311989916
2022-03-22 02:39:06,Run,1768,1,3,2022,81,-0.5271634811665505
2022-03-11 20:28:28,Run,3366,4,3,2022,70,0.21558299759934302
2022-03-10 19:46:14,Run,849,3,3,2022,69,-0.9543124260888636
2022-03-09 18:55:32,Run,3079,2,3,2022,68,0.08218610185102546
2022-03-07 19:21:14,Run,568,0,3,2022,66,-1.0849205365602128
2022-03-06 16:38:44,Run,7186,6,3,2022,65,1.9911096239358348
2022-03-04 17:02:08,Run,2897,4,3,2022,63,-0.0024070515503466596
2022-03-01 18:55:48,Run,3528,1,3,2022,60,0.29088020007748744
2022-02-23 20:08:54,Run,3007,2,2,2022,54,0.04872067852740571
2022-02-19 23:02:21,Run,3884,5,2,2022,50,0.45634812651094053
2022-02-17 01:57:29,Run,2373,3,2,2022,48,-0.24596096573891252
2022-02-15 04:13:49,Run,1854,1,2,2022,46,-0.48719089219667144
2022-02-12 22:28:19,Run,3028,5,2,2022,43,0.0584814269967948
2022-02-10 22:10:18,Run,3580,3,2,2022,41,0.31504967247787946
2022-02-09 20:54:58,Run,2737,2,2,2022,40,-0.07677465893616829
2022-02-08 21:44:35,Ride,3334,1,2,2022,39,0.20070947612217868
2022-01-31 13:45:53,Run,1717,0,1,2022,31,-0.5508681560207812
2022-01-29 17:26:04,Run,4435,5,1,2022,29,0.7124515744458638
2022-01-25 14:17:03,Run,1792,1,1,2022,25,-0.5160083400586774
2022-01-24 21:31:59,Run,2561,0,1,2022,24,-0.1585790270605721
2022-01-23 17:27:32,Run,364,6,1,2022,23,-1.1797392359771355
2022-01-22 18:12:31,Hike,12220,5,1,2022,22,4.330900471312248
2022-01-21 13:31:58,Run,1755,4,1,2022,21,-0.5332058492666486
2022-01-19 23:23:47,Workout,1738,2,1,2022,19,-0.5411074075513921
2022-01-19 21:04:39,Run,2937,2,1,2022,19,0.01618485029610875
2022-01-17 15:51:39,Run,1795,0,1,2022,17,-0.5146139474201932
2022-01-14 16:07:40,Run,2693,4,1,2022,14,-0.09722575096726925
2022-01-09 12:14:55,Run,2322,6,1,2022,9,-0.2696656405931432
2022-01-07 19:36:35,Run,1920,4,1,2022,7,-0.45651425415002
2022-01-06 16:48:58,Run,2562,3,1,2022,6,-0.1581142295144107
2022-01-04 15:35:16,Run,3327,1,1,2022,4,0.197455893299049
2022-01-02 17:46:00,Run,6816,6,1,2022,2,1.819134531856122
2021-12-31 19:57:47,Run,1767,4,12,2021,365,-0.527628278712712
2021-12-30 23:24:27,Run,3274,3,12,2021,364,0.17282162335249557
2021-12-29 17:40:02,Run,3753,2,12,2021,363,0.3954596479637991
2021-12-27 18:34:08,Run,2898,0,12,2021,361,-0.0019422540041852741
2021-12-24 16:52:17,Run,1608,4,12,2021,358,-0.6015310885523723
2021-12-23 21:12:29,Run,3271,3,12,2021,357,0.17142723071401142
2021-12-22 18:19:04,Run,2991,2,12,2021,356,0.04128391778882355
2021-12-20 22:21:25,Run,3576,0,12,2021,354,0.31319048229323393
2021-12-19 20:28:07,Run,6781,6,12,2021,353,1.8028666177404735
2021-12-16 22:25:14,Run,3718,3,12,2021,350,0.37919173384815064
2021-12-15 17:11:47,Run,1244,2,12,2021,349,-0.7707173953551164
2021-12-14 20:34:52,Run,2005,1,12,2021,348,-0.41700646272630226
2021-12-13 22:13:28,Run,6030,0,12,2021,347,1.4538036605732731
2021-12-11 19:34:33,Run,2930,5,12,2021,345,0.012931267472979053
2021-12-10 16:25:14,Run,4582,4,12,2021,344,0.7807768137315875
2021-12-09 21:39:26,Run,1041,3,12,2021,343,-0.8650712972258776
2021-12-09 21:20:12,Run,925,3,12,2021,343,-0.9189878125805984
2021-12-07 15:39:50,Run,1627,1,12,2021,341,-0.592699935175306
2021-12-06 14:45:40,Run,2542,0,12,2021,340,-0.16741018043763842
2021-12-02 17:52:37,Run,1475,3,12,2021,336,-0.6633491621918365
2021-12-01 14:32:17,Run,2439,2,12,2021,335,-0.21528432769226108
2021-11-30 14:41:35,Run,1726,1,11,2021,334,-0.5466849781053288
2021-11-29 15:31:11,Run,2166,0,11,2021,333,-0.34217405779431925
2021-11-28 14:31:25,Run,2501,6,11,2021,332,-0.1864668798302552
2021-11-26 17:43:11,Run,2080,4,11,2021,330,-0.3821466467641984
2021-11-24 22:02:33,Run,4177,2,11,2021,328,0.5925338075362264
2021-11-23 22:30:15,Run,2223,1,11,2021,327,-0.3156805976631203
2021-11-22 17:42:34,Run,2972,0,11,2021,326,0.032452764411757234
2021-11-19 21:45:05,Run,1323,4,11,2021,323,-0.733998389208367
2021-11-17 11:08:47,Run,1443,2,11,2021,321,-0.6782226836690007
2021-11-15 14:48:10,Swim,997,0,11,2021,319,-0.8855223892569786
2021-11-15 14:19:24,Run,1191,0,11,2021,319,-0.7953516653016699
2021-11-14 20:01:57,Hike,5256,6,11,2021,318,1.0940503598443612
2021-11-11 15:29:58,Run,1501,3,11,2021,315,-0.6512644259916405
2021-11-11 03:51:11,Run,1561,3,11,2021,315,-0.6233765732219573
2021-11-09 15:41:01,Ride,5017,1,11,2021,313,0.9829637463117901
2021-11-08 18:59:20,Run,1850,0,11,2021,312,-0.489050082381317
2021-11-07 15:25:25,Run,5969,6,11,2021,311,1.4254510102574287
2021-11-05 21:57:06,Run,1940,4,11,2021,309,-0.44721830322679235
2021-11-03 13:43:19,Run,2237,2,11,2021,307,-0.3091734320168609
2021-11-01 20:15:37,Rowing,581,0,11,2021,305,-1.0788781684601148
2021-10-31 21:27:36,Run,2489,6,10,2021,304,-0.19204445038419182
2021-10-27 13:05:06,Run,3156,2,10,2021,300,0.11797551290545212
2021-10-25 12:42:58,Run,2858,0,10,2021,298,-0.020534155850640685
2021-10-23 16:53:54,Run,4235,5,10,2021,296,0.6194920652135868
2021-10-22 12:52:02,Run,1122,4,10,2021,295,-0.8274226959868054
2021-10-20 19:06:46,Run,1273,2,10,2021,293,-0.7572382665164362
2021-10-19 12:20:46,Ride,6964,1,10,2021,292,1.887924568688007
2021-10-18 01:48:26,Run,1510,0,10,2021,291,-0.6470812480761879
2021-10-16 14:29:29,Run,3975,5,10,2021,289,0.4986447032116266
2021-10-15 22:17:59,Run,1727,4,10,2021,288,-0.5462201805591673
2021-10-14 21:52:28,Ride,437,3,10,2021,287,-1.1458090151073543
2021-10-14 16:28:04,Run,859,3,10,2021,287,-0.9496644506272498
2021-10-14 15:33:15,Ride,2901,3,10,2021,287,-0.0005478613657011185
2021-10-11 20:25:40,Run,1825,0,10,2021,284,-0.5006700210353516
2021-10-09 16:47:19,Run,4459,5,10,2021,282,0.723606715553737
2021-10-07 16:37:07,Run,2390,3,10,2021,280,-0.23805940745416898
2021-10-06 02:00:42,Workout,880,2,10,2021,279,-0.9399037021578607
2021-10-01 19:44:32,Run,1792,4,10,2021,274,-0.5160083400586774
2021-09-30 14:23:47,Walk,3757,3,9,2021,273,0.39731883814844465
2021-09-28 16:12:05,Run,1724,1,9,2021,271,-0.5476145731976515
2021-09-27 13:49:30,Run,2001,0,9,2021,270,-0.41886565291094785
2021-09-25 21:50:01,Run,2314,5,9,2021,268,-0.27338402096243425
2021-09-24 23:01:06,Run,2551,4,9,2021,267,-0.16322700252218594
2021-09-23 16:40:34,Run,1251,3,9,2021,266,-0.7674638125319867
2021-09-21 13:19:41,Ride,4699,1,9,2021,264,0.8351581266324695
2021-09-20 13:37:50,Run,2320,0,9,2021,263,-0.27059523568546595
2021-09-18 16:06:35,Run,2090,5,9,2021,261,-0.3774986713025845
2021-09-17 22:49:24,Run,2853,4,9,2021,260,-0.02285814358144761
2021-09-16 03:05:48,Run,3032,3,9,2021,259,0.06034061718144035
2021-09-13 13:36:18,Run,1263,0,9,2021,256,-0.7618862419780501
2021-09-12 15:16:34,Run,2356,6,9,2021,255,-0.25386252402365606
2021-09-11 15:46:41,Run,4403,5,9,2021,254,0.6975780529686995
2021-09-10 22:20:31,Run,1316,4,9,2021,253,-0.7372519720314967
2021-09-08 11:21:35,Ride,6915,2,9,2021,251,1.865149488926099
2021-09-07 14:25:59,Run,2429,1,9,2021,250,-0.21993230315387494
2021-09-06 15:29:25,Run,1884,0,9,2021,249,-0.4732469658118299
2021-09-05 16:01:25,Run,990,6,9,2021,248,-0.8887759720801083
2021-09-04 17:30:05,Run,1524,5,9,2021,247,-0.6405740824299285
2021-09-01 22:01:08,Run,333,2,9,2021,244,-1.1941479599081384
2021-08-31 14:28:21,Run,2196,1,8,2021,243,-0.3282301314094777
2021-08-30 12:18:36,Run,3480,0,8,2021,242,0.26856991786174095
2021-08-28 15:17:49,Run,6153,5,8,2021,240,1.5109737587511236
2021-08-25 12:54:41,Run,2268,2,8,2021,237,-0.294764708085858
2021-08-25 01:50:48,Run,1199,2,8,2021,237,-0.7916332849323787
2021-08-24 16:13:04,Run,2126,1,8,2021,236,-0.3607659596407747
2021-08-24 01:04:45,Run,2002,1,8,2021,236,-0.41840085536478644
2021-08-23 12:22:35,Run,3224,0,8,2021,235,0.1495817460444263
2021-08-22 14:23:14,Ride,8058,6,8,2021,234,2.3964130841885627
2021-08-21 14:49:26,Run,2307,5,8,2021,233,-0.27663760378556396
2021-08-21 00:45:32,Run,4584,5,8,2021,233,0.7817064088239102
2021-08-19 03:49:00,Run,1967,3,8,2021,231,-0.4346687694804349
2021-08-18 11:46:50,Run,1926,2,8,2021,230,-0.4537254688730517
2021-08-14 12:25:24,Run,2469,5,8,2021,226,-0.20134040130741954
2021-08-11 19:10:07,Ride,2374,2,8,2021,223,-0.24549616819275114
2021-08-11 14:28:17,Run,2997,2,8,2021,223,0.04407270306579186
2021-08-10 19:59:29,Ride,1177,1,8,2021,222,-0.8018588309479292
2021-08-10 13:09:30,Run,4281,1,8,2021,222,0.6408727523370105
2021-08-09 16:56:06,Run,4350,0,8,2021,221,0.6729437830221461
2021-08-07 17:09:21,Run,2919,5,8,2021,219,0.007818494465203815
2021-08-06 15:50:34,Run,3546,4,8,2021,218,0.29924655590839233
2021-08-05 16:29:34,Run,4178,3,8,2021,217,0.5929986050823878
2021-08-04 20:14:19,Run,4539,2,8,2021,216,0.7607905192466479
2021-08-03 13:23:22,Run,2074,1,8,2021,215,-0.3849354320411667
2021-08-02 13:28:54,Run,3540,0,8,2021,214,0.29645777063142403
2021-07-31 17:50:53,Run,4006,5,7,2021,212,0.5130534271426296
2021-07-30 21:23:04,Run,3300,4,7,2021,211,0.18490635955269158
2021-07-30 03:45:04,Run,1688,4,7,2021,211,-0.5643472848594614
2021-07-28 14:54:36,Run,5298,2,7,2021,209,1.1135718567831392
2021-07-24 19:41:54,Run,1090,5,7,2021,205,-0.8422962174639698
2021-07-22 13:18:35,Run,3023,3,7,2021,203,0.05615743926598788
2021-07-21 12:52:30,Run,3249,2,7,2021,202,0.16120168469846094
2021-07-19 20:44:28,Run,358,0,7,2021,200,-1.1825280212541038
2021-07-17 20:30:25,Ride,4721,5,7,2021,198,0.84538367264802
2021-07-17 17:01:29,Run,2619,5,7,2021,198,-0.13162076938321174
2021-07-16 01:19:39,Ride,882,4,7,2021,197,-0.9389741070655379
2021-07-07 02:03:23,Run,172,2,7,2021,188,-1.2689803648401214
2021-07-06 22:19:38,Run,89,1,7,2021,187,-1.3075585611715164
2021-07-06 21:07:26,Run,187,1,7,2021,187,-1.2620084016477007
2021-07-06 18:51:53,Run,124,1,7,2021,187,-1.2912906470558678
2021-07-06 15:53:43,Run,82,1,7,2021,187,-1.310812143994646
2021-07-06 13:40:31,Run,95,1,7,2021,187,-1.304769775894548
2021-07-05 17:04:00,Run,1843,0,7,2021,186,-0.4923036652044467
2021-07-04 13:41:02,Run,1018,6,7,2021,185,-0.8757616407875894
2021-07-04 13:06:51,Run,504,6,7,2021,185,-1.1146675795145415
2021-07-03 19:27:06,Run,2841,5,7,2021,184,-0.028435714135384232
2021-07-02 03:05:44,Run,2333,4,7,2021,183,-0.26455286758536795
2021-06-30 14:38:30,Run,4027,2,6,2021,181,0.5228141756120186
2021-06-27 20:24:08,Run,4591,6,6,2021,178,0.7849599916470399
2021-06-27 04:03:26,Run,4222,6,6,2021,178,0.6134496971134887
2021-06-25 18:15:01,Run,2933,4,6,2021,176,0.014325660111463209
2021-06-24 16:21:22,Run,2083,3,6,2021,175,-0.38075225412571423
2021-06-22 23:28:04,Run,3971,1,6,2021,173,0.4967855130269811
2021-06-21 13:55:18,Run,4917,0,6,2021,172,0.9364839916956516
2021-06-18 12:02:34,Run,2484,4,6,2021,169,-0.19436843811499876
2021-06-17 21:17:36,Run,3688,3,6,2021,168,0.36524780746330904
2021-06-16 14:39:59,Run,3158,2,6,2021,167,0.11890510799777489
2021-06-13 12:31:48,Run,5314,6,6,2021,164,1.1210086175217215
2021-06-12 12:06:46,Run,2693,5,6,2021,163,-0.09722575096726925
2021-06-11 11:39:12,Run,2701,4,6,2021,162,-0.09350737059797816
2021-06-08 12:41:15,Run,2065,1,6,2021,159,-0.3891186099566192
2021-06-07 15:36:12,Run,3299,0,6,2021,158,0.1844415620065302
2021-06-04 15:47:43,Run,1717,4,6,2021,155,-0.5508681560207812
2021-06-03 15:28:50,Run,2637,3,6,2021,154,-0.12325441355230682
2021-06-02 15:13:55,Run,2065,2,6,2021,153,-0.3891186099566192
2021-05-30 12:50:09,Run,2498,6,5,2021,150,-0.18786127246873938
2021-05-24 21:28:20,Run,2692,0,5,2021,144,-0.09769054851343063
2021-05-22 20:56:08,Run,635,5,5,2021,142,-1.0537791009674
2021-05-21 19:30:54,Run,2126,4,5,2021,141,-0.3607659596407747
2021-05-20 22:43:33,Run,536,3,5,2021,140,-1.0997940580373773
2021-05-20 20:57:38,Run,946,3,5,2021,140,-0.9092270641112092
2021-05-19 21:48:59,Run,2409,2,5,2021,139,-0.22922825407710265
2021-05-18 21:44:01,Run,2369,1,5,2021,138,-0.24782015592355805
2021-05-17 21:54:15,Run,2359,0,5,2021,137,-0.25246813138517193
2021-05-15 13:21:44,Run,3221,5,5,2021,135,0.14818735340594216
2021-05-14 21:39:28,Run,2617,4,5,2021,134,-0.13255036447553453
2021-05-14 00:55:54,Run,583,4,5,2021,134,-1.077948573367792
2021-05-13 20:54:52,Run,997,3,5,2021,133,-0.8855223892569786
2021-05-12 21:46:12,Run,2405,2,5,2021,132,-0.23108744426174818
2021-05-11 21:42:56,Run,2115,1,5,2021,131,-0.3658787326485499
2021-05-10 21:40:37,Run,2042,0,5,2021,130,-0.399808953518331
2021-05-08 22:58:43,Run,3281,5,5,2021,128,0.17607520617562528
2021-05-07 21:49:39,Run,2561,4,5,2021,127,-0.1585790270605721
2021-05-07 00:18:30,Run,527,4,5,2021,127,-1.1039772359528297
2021-05-06 21:33:05,Run,1000,3,5,2021,126,-0.8841279966184944
2021-05-05 21:47:29,Run,2467,2,5,2021,125,-0.2022699963997423
2021-05-04 21:38:54,Run,2409,1,5,2021,124,-0.22922825407710265
2021-05-03 20:34:36,Run,3191,0,5,2021,123,0.1342434270211006
2021-05-01 13:13:09,Run,4045,5,5,2021,121,0.5311805314429235
2021-05-01 00:22:50,Run,470,5,5,2021,121,-1.1304706960840285
2021-04-30 23:10:52,Run,314,4,4,2021,120,-1.2029791132852048
2021-04-30 22:02:03,Run,578,4,4,2021,120,-1.080272561098599
2021-04-29 21:46:36,Run,2811,3,4,2021,119,-0.04237964052022579
2021-04-28 21:40:26,Run,2196,2,4,2021,118,-0.3282301314094777
2021-04-28 01:37:16,Run,196,2,4,2021,118,-1.2578252237322483
2021-04-28 00:41:42,Run,1406,2,4,2021,118,-0.695420192876972
2021-04-27 23:13:07,Run,1899,1,4,2021,117,-0.46627500261940913
2021-04-27 21:48:08,Run,485,1,4,2021,117,-1.1234987328916077
2021-04-26 21:36:11,Run,2818,0,4,2021,116,-0.039126057697096095
2021-04-24 11:17:35,Run,3746,5,4,2021,114,0.3922060651406694
2021-04-22 18:36:31,Run,808,3,4,2021,112,-0.9733691254814804
2021-04-22 16:23:31,Run,275,3,4,2021,112,-1.2211062175854988
2021-04-22 14:39:01,Run,1163,3,4,2021,112,-0.8083659965941886
2021-04-21 21:46:31,Run,2781,2,4,2021,111,-0.056323566905067346
2021-04-20 22:35:12,Workout,35,1,4,2021,110,-1.332657628664231
2021-04-20 21:41:09,Run,2302,1,4,2021,110,-0.27896159151637084
2021-04-19 21:14:16,Run,2430,0,4,2021,109,-0.21946750560771355
2021-04-17 18:55:27,Run,3628,5,4,2021,107,0.33735995469362595
2021-04-17 16:04:03,Run,486,5,4,2021,107,-1.1230339353454464
2021-04-16 21:42:25,Run,2982,4,4,2021,106,0.037100739873371084
2021-04-15 22:14:49,Run,3561,3,4,2021,105,0.30621851910081316
2021-04-14 23:33:14,Run,1416,2,4,2021,104,-0.6907722174153582
2021-04-13 23:44:06,Run,933,1,4,2021,103,-0.9152694322113073
2021-04-13 21:12:23,Run,933,1,4,2021,103,-0.9152694322113073
2021-04-12 21:42:33,Run,2519,0,4,2021,102,-0.17810052399935028
2021-04-09 21:36:12,Run,2407,4,4,2021,99,-0.23015784916942542
2021-04-09 00:07:11,Run,759,4,4,2021,99,-0.9961442052433883
2021-04-08 22:51:38,Run,509,3,4,2021,98,-1.1123435917837345
2021-04-08 22:30:41,Run,554,3,4,2021,98,-1.0914277022064722
2021-04-08 21:40:19,Run,975,3,4,2021,98,-0.895747935272529
2021-04-07 21:31:30,Run,2829,2,4,2021,97,-0.034013284689320855
2021-04-06 23:45:10,Run,1041,1,4,2021,96,-0.8650712972258776
2021-04-06 20:45:26,Run,893,1,4,2021,96,-0.9338613340577626
2021-04-05 20:36:17,Run,3198,0,4,2021,95,0.1374970098442303
2021-04-03 14:13:55,Run,494,5,4,2021,93,-1.1193155549761553
2021-04-03 13:18:15,Run,3205,5,4,2021,93,0.14075059266735998
2021-04-02 14:24:19,Run,2921,4,4,2021,92,0.008748089557526586
2021-04-02 01:50:38,Run,563,4,4,2021,92,-1.0872445242910198
2021-04-02 00:25:35,Run,946,4,4,2021,92,-0.9092270641112092
2021-04-01 21:48:26,Run,602,3,4,2021,91,-1.0691174199907258
2021-03-31 21:59:10,Run,2946,2,3,2021,90,0.020368028211561216
2021-03-30 21:34:44,Run,2662,1,3,2021,89,-0.11163447489827219
2021-03-29 21:41:41,Run,3211,0,3,2021,88,0.1435393779443283
2021-03-28 23:35:51,Run,1543,6,3,2021,87,-0.6317429290528622
2021-03-27 13:32:40,Run,4122,5,3,2021,86,0.5669699424973502
2021-03-26 21:48:03,Run,992,4,3,2021,85,-0.8878463769877856
2021-03-26 21:00:45,Run,586,4,3,2021,85,-1.076554180729308
2021-03-26 20:07:06,Run,942,4,3,2021,85,-0.9110862542958548
2021-03-25 21:31:44,Run,2698,3,3,2021,84,-0.09490176323646232
2021-03-24 22:04:32,Run,3104,2,3,2021,83,0.09380604050506008
2021-03-23 21:47:19,Run,2614,1,3,2021,82,-0.13394475711401868
2021-03-22 21:39:44,Run,2988,0,3,2021,81,0.039889525150339396
2021-03-20 13:33:36,Run,2298,5,3,2021,79,-0.28082078170101643
2021-03-19 11:01:09,Run,1974,4,3,2021,78,-0.4314151866573052
2021-03-18 14:39:39,Run,3007,3,3,2021,77,0.04872067852740571
2021-03-17 14:13:38,Run,2969,2,3,2021,76,0.031058371773273075
2021-03-16 14:37:32,Run,2638,1,3,2021,75,-0.12278961600614544
2021-03-16 00:15:01,Run,2094,1,3,2021,75,-0.375639481117939
2021-03-13 14:18:59,Run,3401,5,3,2021,72,0.2318509117149915
2021-03-12 21:51:48,Run,1521,4,3,2021,71,-0.6419684750684127
2021-03-12 12:54:28,Run,2986,4,3,2021,71,0.03895993005801662
2021-03-11 22:50:39,Run,2390,3,3,2021,70,-0.23805940745416898
2021-03-10 22:59:48,Run,2895,2,3,2021,69,-0.00333664664266943
2021-03-09 22:49:44,Run,2671,1,3,2021,68,-0.10745129698281972
2021-03-09 21:28:39,Run,624,1,3,2021,68,-1.0588918739751754
2021-03-08 22:44:35,Run,2882,0,3,2021,67,-0.009379014742767438
2021-03-06 14:18:00,Run,3187,5,3,2021,65,0.13238423683645506
2021-03-05 22:51:56,Run,2937,4,3,2021,64,0.01618485029610875
2021-03-05 12:55:42,Run,1405,4,3,2021,64,-0.6958849904231335
2021-03-04 22:53:35,Run,2056,3,3,2021,63,-0.39330178787207165
2021-03-03 23:00:46,Run,2838,2,3,2021,62,-0.029830106773868388
2021-03-02 23:01:52,Run,1153,1,3,2021,61,-0.8130139720558025
2021-03-01 23:07:02,Run,2202,0,3,2021,60,-0.3254413461325094
2021-02-28 21:41:17,Run,1797,6,2,2021,59,-0.5136843523278705
2021-02-27 22:44:26,Run,1501,5,2,2021,58,-0.6512644259916405
2021-02-26 22:28:47,Run,2401,4,2,2021,57,-0.23294663444639374
2021-02-25 22:30:36,Run,2340,3,2,2021,56,-0.26129928476223824
2021-02-24 22:24:06,Run,2287,2,2,2021,55,-0.28593355470879167
2021-02-23 22:24:35,Run,2028,1,2,2021,54,-0.40631611916459043
2021-02-22 22:31:38,Run,2855,0,2,2021,53,-0.02192854848912484
2021-02-20 23:57:26,Alpine Ski,7078,5,2,2021,51,1.940911488950405
2021-02-19 22:21:54,Run,2621,4,2,2021,50,-0.13069117429088897
2021-02-18 22:30:05,Run,2925,3,2,2021,49,0.010607279742172127
2021-02-17 22:39:37,Workout,1809,2,2,2021,48,-0.5081067817739338
2021-02-16 22:24:47,Workout,2400,1,2,2021,47,-0.23341143199255512
2021-02-15 22:20:37,Run,2404,0,2,2021,46,-0.23155224180790956
2021-02-10 22:26:32,Run,2610,2,2,2021,41,-0.1358039472986642
2021-01-31 23:01:57,Walk,2469,6,1,2021,31,-0.20134040130741954
2021-01-29 22:53:11,Run,2559,4,1,2021,29,-0.15950862215289485
2021-01-26 22:46:52,Run,3614,1,1,2021,26,0.33085278904736654
2021-01-25 11:48:02,Run,5020,0,1,2021,25,0.9843581389502741
2021-01-22 23:28:24,Run,1818,4,1,2021,22,-0.5039236038584813
2021-01-21 22:09:20,Run,2523,3,1,2021,21,-0.17624133381470472
2021-01-20 22:06:43,Run,2373,2,1,2021,20,-0.24596096573891252
2021-01-15 22:47:59,Swim,4269,4,1,2021,15,0.6352951817830739
2021-01-13 22:47:32,Swim,4300,2,1,2021,13,0.6497039057140768
2021-01-11 22:26:47,Run,2690,0,1,2021,11,-0.0986201436057534
2021-01-08 22:49:13,Run,3580,4,1,2021,8,0.31504967247787946
2021-01-08 11:50:35,Run,4220,4,1,2021,8,0.612520102021166
2021-01-07 22:49:44,Swim,3442,3,1,2021,7,0.2509076111076083
2021-01-07 01:24:26,Workout,401,3,1,2021,7,-1.1625417267691642
2021-01-07 00:26:34,Workout,1199,3,1,2021,7,-0.7916332849323787
2021-01-06 23:47:31,Workout,1200,2,1,2021,6,-0.7911684873862174
2021-01-06 23:13:08,Workout,1202,2,1,2021,6,-0.7902388922938947
2021-01-04 22:52:09,Swim,3448,0,1,2021,4,0.2536963963845766
2021-01-04 11:49:13,Swim,3218,0,1,2021,4,0.146792960767458
2021-01-02 13:51:40,Swim,5109,5,1,2021,2,1.0257251205586375
2020-12-31 13:50:32,Swim,3905,3,12,2020,366,0.46610887498032966
2020-12-30 19:23:00,Swim,4313,2,12,2020,365,0.6557462738141748
2020-12-29 14:21:46,Swim,3285,1,12,2020,364,0.1779343963602708
2020-12-25 22:37:28,Run,3822,4,12,2020,360,0.4275306786489347
2020-12-21 22:53:54,Swim,3860,0,12,2020,356,0.4451929854030673
2020-12-18 22:52:19,Swim,4094,4,12,2020,353,0.5539556112048315
2020-12-17 22:53:22,Swim,4076,3,12,2020,352,0.5455892553739266
2020-12-11 14:36:42,Run,2168,4,12,2020,346,-0.3412444627019965
2020-12-11 00:45:36,Run,836,4,12,2020,346,-0.9603547941889616
2020-12-09 22:00:44,Ride,71,2,12,2020,344,-1.3159249170024212
2020-12-09 19:04:46,Run,2330,2,12,2020,344,-0.26594726022385207
2020-12-08 19:09:07,Run,2627,1,12,2020,343,-0.12790238901392068
2020-12-08 14:29:55,Workout,839,1,12,2020,343,-0.9589604015504775
2020-12-07 19:06:27,Run,3363,0,12,2020,342,0.21418860496085887
2020-12-05 21:07:16,Ride,413,5,12,2020,340,-1.1569641562152275
2020-12-04 20:42:44,Run,2713,4,12,2020,339,-0.08792980004404154
2020-12-03 20:10:47,Run,2094,3,12,2020,338,-0.375639481117939
2020-12-02 22:38:32,Run,1669,2,12,2020,337,-0.5731784382365277
2020-12-01 19:35:38,Run,1512,1,12,2020,336,-0.6461516529838652
2020-11-30 20:56:57,Run,2028,0,11,2020,335,-0.40631611916459043
2020-11-28 17:16:48,Run,1882,5,11,2020,333,-0.47417656090415267
2020-11-25 21:53:42,Run,2284,2,11,2020,330,-0.2873279473472758
2020-11-24 21:45:27,Run,2164,1,11,2020,329,-0.343103652886642
2020-11-21 21:15:58,Run,2750,5,11,2020,326,-0.07073229083607029
2020-11-18 22:16:07,Run,2311,2,11,2020,323,-0.2747784136009184
2020-11-17 22:26:53,Run,1711,1,11,2020,322,-0.5536569412977496
2020-11-16 22:23:59,Run,2105,0,11,2020,321,-0.37052670811016375
2020-11-15 17:09:14,Run,1927,6,11,2020,320,-0.45326067132689035
2020-11-12 19:29:00,Ride,5874,3,11,2020,317,1.381295243372097
2020-11-12 00:32:55,Workout,3377,3,11,2020,317,0.22069577060711826
2020-11-11 00:40:51,Swim,1961,2,11,2020,316,-0.4374575547574032
2020-11-07 18:49:33,Run,2901,5,11,2020,312,-0.0005478613657011185
2020-11-05 22:20:16,Run,2555,3,11,2020,310,-0.1613678123375404
2020-11-04 22:01:00,Run,2166,2,11,2020,309,-0.34217405779431925
2020-11-03 22:09:16,Run,2480,1,11,2020,308,-0.1962276282996443
2020-11-02 22:55:34,Run,1245,0,11,2020,307,-0.770252597808955
2020-11-02 22:45:26,Run,274,0,11,2020,307,-1.22157101513166
2020-10-30 15:11:01,Run,823,4,10,2020,304,-0.9663971622890596
2020-10-29 13:24:49,Run,1796,3,10,2020,303,-0.5141491498740318
2020-10-28 21:36:49,Run,2615,2,10,2020,302,-0.1334799595678573
2020-10-27 21:41:46,Run,2619,1,10,2020,301,-0.13162076938321174
2020-10-26 11:33:13,Run,3379,0,10,2020,300,0.22162536569944102
2020-10-26 11:20:52,Run,271,0,10,2020,300,-1.2229654077701442
2020-10-25 13:56:52,Run,179,6,10,2020,299,-1.2657267820169917
2020-10-25 12:56:50,Run,2509,6,10,2020,299,-0.18274849946096414
2020-10-23 21:12:32,Run,1394,4,10,2020,297,-0.7009977634309087
2020-10-23 11:47:56,Run,2734,4,10,2020,297,-0.07816905157465245
2020-10-23 11:27:51,Run,1010,4,10,2020,297,-0.8794800211568806
2020-10-22 21:24:18,Run,3131,3,10,2020,296,0.10635557425141748
2020-10-21 20:53:55,Run,1141,2,10,2020,295,-0.8185915426097391
2020-10-20 21:47:14,Run,2888,1,10,2020,294,-0.006590229465799126
2020-10-19 11:39:56,Run,3615,0,10,2020,293,0.33131758659352795
2020-10-17 13:22:10,Run,4725,5,10,2020,291,0.8472428628326656
2020-10-16 21:58:34,Run,455,4,10,2020,290,-1.1374426592764493
2020-10-16 21:22:03,Run,1640,4,10,2020,290,-0.5866575670752079
2020-10-16 11:43:29,Run,4032,4,10,2020,290,0.5251381633428256
2020-10-15 22:27:29,Run,698,3,10,2020,289,-1.0244968555592329
2020-10-15 20:58:43,Run,875,3,10,2020,289,-0.9422276898886676
2020-10-14 22:04:11,Run,3378,2,10,2020,288,0.22116056815327964
2020-10-13 21:41:56,Run,3677,1,10,2020,287,0.3601350344555338
2020-10-12 21:40:55,Run,3246,0,10,2020,286,0.1598072920599768
2020-10-12 11:49:40,Run,2123,0,10,2020,286,-0.3621603522792588
2020-10-11 18:33:26,Walk,940,6,10,2020,285,-0.9120158493881776
2020-10-11 14:42:30,Walk,1298,6,10,2020,285,-0.7456183278624017
2020-10-10 13:18:33,Run,4008,5,10,2020,284,0.5139830222349523
2020-10-09 21:15:46,Run,2352,4,10,2020,283,-0.2557217142083016
2020-10-09 11:36:31,Run,4082,4,10,2020,283,0.5483780406508948
2020-10-08 22:48:43,Run,544,3,10,2020,282,-1.096075677668086
2020-10-08 21:40:44,Run,485,3,10,2020,282,-1.1234987328916077
2020-10-08 19:51:31,Walk,2049,3,10,2020,282,-0.39655537069520136
2020-10-07 21:43:07,Run,3701,2,10,2020,281,0.37129017556340704
2020-10-06 21:36:46,Run,3487,1,10,2020,280,0.2718235006848706
2020-10-06 12:52:10,Run,1799,1,10,2020,280,-0.5127547572355476
2020-10-05 21:40:08,Run,3332,0,10,2020,279,0.19977988102985592
2020-10-05 12:39:06,Run,2208,0,10,2020,279,-0.32265256085554106
2020-10-03 13:44:10,Run,4538,5,10,2020,277,0.7603257217004865
2020-10-02 21:16:47,Run,2024,4,10,2020,276,-0.40817530934923596
2020-10-02 11:35:55,Run,3786,4,10,2020,276,0.4107979669871248
2020-10-01 21:30:51,Run,3242,3,10,2020,275,0.15794810187533123
2020-10-01 12:27:52,Run,1361,3,10,2020,275,-0.7163360824542344
2020-09-30 21:46:27,Run,3045,2,9,2020,274,0.06638298528153835
2020-09-29 23:37:50,Run,625,1,9,2020,273,-1.0584270764290138
2020-09-29 22:02:49,Run,939,1,9,2020,273,-0.912480646934339
2020-09-28 21:41:13,Run,3614,0,9,2020,272,0.33085278904736654
2020-09-28 11:49:46,Run,2082,0,9,2020,272,-0.38121705167187564
2020-09-26 16:06:25,Run,382,5,9,2020,270,-1.1713728801462304
2020-09-26 14:34:08,Run,1315,5,9,2020,270,-0.7377167695776581
2020-09-25 11:42:23,Run,4262,4,9,2020,269,0.6320415989599442
2020-09-24 21:43:03,Run,3924,3,9,2020,268,0.47494002835739596
2020-09-24 14:54:39,Ride,810,3,9,2020,268,-0.9724395303891576
2020-09-23 21:48:44,Run,3239,2,9,2020,267,0.15655370923684708
2020-09-23 11:50:02,Run,1957,2,9,2020,267,-0.43931674494204875
2020-09-22 21:55:42,Run,3107,1,9,2020,266,0.09520043314354423
2020-09-22 11:49:44,Run,2131,1,9,2020,266,-0.35844197190996774
2020-09-21 11:39:26,Run,4067,0,9,2020,265,0.541406077458474
2020-09-19 17:18:13,Run,698,5,9,2020,263,-1.0244968555592329
2020-09-19 15:56:19,Run,1250,5,9,2020,263,-0.7679286100781482
2020-09-18 11:37:14,Run,3890,4,9,2020,262,0.4591369117879089
2020-09-17 12:53:12,Run,3195,3,9,2020,261,0.13610261720574615
2020-09-16 21:47:21,Run,3021,2,9,2020,260,0.05522784417366511
2020-09-16 11:49:47,Run,1997,2,9,2020,260,-0.4207248430955934
2020-09-15 21:35:13,Run,3744,1,9,2020,259,0.39127647004834665
2020-09-14 21:41:42,Run,3789,0,9,2020,258,0.41219235962560896
2020-09-14 11:50:24,Run,2031,0,9,2020,258,-0.40492172652610625
2020-09-12 13:29:22,Run,3782,5,9,2020,256,0.40893877680247925
2020-09-11 11:43:35,Run,3943,4,9,2020,255,0.48377118173446226
2020-09-10 12:52:00,Run,1193,3,9,2020,254,-0.7944220702093471
2020-09-10 12:09:42,Run,456,3,9,2020,254,-1.136977861730288
2020-09-10 11:36:28,Run,1350,3,9,2020,254,-0.7214488554620097
2020-09-09 21:42:32,Run,2932,2,9,2020,253,0.013860862565301824
2020-09-09 11:54:06,Run,2075,2,9,2020,253,-0.3844706344950053
2020-09-08 21:42:26,Run,3397,1,9,2020,252,0.22999172153034594
2020-09-08 12:43:57,Run,594,1,9,2020,252,-1.072835800360017
2020-09-08 11:58:38,Run,893,1,9,2020,252,-0.9338613340577626
2020-09-07 13:22:08,Run,4407,0,9,2020,251,0.699437243153345
2020-09-05 16:07:07,Run,753,5,9,2020,249,-0.9989329905203566
2020-09-05 14:58:23,Run,1078,5,9,2020,249,-0.8478737880179064
2020-09-05 13:16:22,Run,918,5,9,2020,249,-0.9222413954037281
2020-09-04 12:50:10,Run,386,4,9,2020,248,-1.169513689961585
2020-09-04 11:49:00,Run,3365,4,9,2020,248,0.21511820005318164
2020-09-03 21:45:10,Run,3258,3,9,2020,247,0.1653848626139134
2020-09-02 21:50:04,Run,3462,2,9,2020,246,0.260203562030836
2020-09-02 11:52:06,Run,2303,2,9,2020,246,-0.2784967939702095
2020-09-01 21:43:43,Run,3739,1,9,2020,245,0.3889524823175397
2020-08-31 21:49:09,Run,3807,0,8,2020,244,0.4205587154565139
2020-08-31 11:51:42,Run,2182,0,8,2020,244,-0.33473729705573707
2020-08-29 15:58:41,Run,1067,5,8,2020,242,-0.8529865610256816
2020-08-29 14:13:09,Run,1011,5,8,2020,242,-0.8790152236107192
2020-08-28 11:59:48,Run,3347,4,8,2020,241,0.2067518442222767
2020-08-27 22:53:41,Ride,512,3,8,2020,240,-1.1109491991452505
2020-08-27 11:43:35,Run,3633,3,8,2020,240,0.3396839424244329
2020-08-26 11:30:52,Run,4436,2,8,2020,239,0.7129163719920252
2020-08-25 21:21:48,Run,1891,1,8,2020,238,-0.4699933829887002
2020-08-25 11:43:40,Run,3683,1,8,2020,238,0.36292381973250215
2020-08-24 21:24:08,Run,1878,0,8,2020,237,-0.4760357510887982
2020-08-24 11:53:27,Run,3732,0,8,2020,237,0.38569889949441
2020-08-22 14:30:44,Run,2600,5,8,2020,235,-0.14045192276027807
2020-08-22 14:04:52,Run,627,5,8,2020,235,-1.057497481336691
2020-08-22 13:37:26,Run,1001,5,8,2020,235,-0.883663199072333
2020-08-22 13:29:30,Run,244,5,8,2020,235,-1.2355149415165017
2020-08-21 13:41:43,Run,3853,4,8,2020,234,0.44193940257993763
2020-08-21 02:30:16,Run,1768,4,8,2020,234,-0.5271634811665505
2020-08-20 13:33:57,Run,3479,3,8,2020,233,0.26810512031557954
2020-08-19 13:30:34,Run,3466,2,8,2020,232,0.26206275221548153
2020-08-18 13:30:03,Run,3579,1,8,2020,231,0.31458487493171805
2020-08-17 13:46:14,Run,3505,0,8,2020,230,0.28018985651577555
2020-08-16 13:54:03,Run,4141,6,8,2020,229,0.5758010958744165
2020-08-15 01:11:05,Run,3829,5,8,2020,228,0.4307842614720644
2020-08-13 13:12:21,Run,2940,3,8,2020,226,0.017579242934592905
2020-08-12 23:20:34,Run,4185,2,8,2020,225,0.5962521879055175
2020-08-10 13:33:18,Run,3777,0,8,2020,223,0.40661478907167237
2020-08-09 17:25:16,Run,2092,6,8,2020,222,-0.37656907621026176
2020-08-08 15:45:17,Swim,381,5,8,2020,221,-1.171837677692392
2020-08-07 14:26:25,Run,1115,4,8,2020,220,-0.8306762788099351
2020-08-07 13:59:19,Run,982,4,8,2020,220,-0.8924943524493993
2020-08-07 13:40:06,Run,648,4,8,2020,220,-1.047736732867302
2020-08-07 13:22:18,Run,554,4,8,2020,220,-1.0914277022064722
2020-08-06 14:47:29,Ride,1961,3,8,2020,219,-0.4374575547574032
2020-08-06 14:06:57,Run,1293,3,8,2020,219,-0.7479423155932086
2020-08-06 13:11:02,Ride,2609,3,8,2020,219,-0.1362687448448256
2020-08-05 13:19:57,Run,3932,2,8,2020,218,0.478658408726687
2020-08-04 13:28:39,Run,3714,1,8,2020,217,0.37733254366350505
2020-08-03 13:45:55,Run,3922,0,8,2020,216,0.4740104332650732
2020-08-02 13:04:35,Run,1615,6,8,2020,215,-0.5982775057292425
2020-08-01 23:55:59,Run,1399,5,8,2020,214,-0.6986737757001017
2020-08-01 23:22:30,Run,851,5,8,2020,214,-0.9533828309965409
2020-07-31 13:15:14,Run,3648,4,7,2020,213,0.34665590561685367
2020-07-30 13:14:10,Run,3799,3,7,2020,212,0.4168403350872228
2020-07-29 13:12:21,Run,3678,2,7,2020,211,0.3605998320016952
2020-07-28 13:17:46,Run,3762,1,7,2020,210,0.39964282587925154
2020-07-27 13:09:28,Run,3538,0,7,2020,209,0.29552817553910127
2020-07-26 14:31:30,Run,1426,6,7,2020,208,-0.6861242419537443
2020-07-24 13:13:58,Run,3660,4,7,2020,206,0.35223347617079026
2020-07-23 13:09:19,Run,3163,3,7,2020,205,0.12122909572858181
2020-07-22 13:08:39,Run,3684,2,7,2020,204,0.3633886172786635
2020-07-22 01:37:07,Run,2075,2,7,2020,204,-0.3844706344950053
2020-07-22 00:14:02,Run,2671,2,7,2020,204,-0.10745129698281972
2020-07-20 13:20:00,Run,3293,0,7,2020,202,0.1816527767295619
2020-07-19 12:10:06,Ride,6198,6,7,2020,201,1.531889648328386
2020-07-18 14:35:57,Run,1774,5,7,2020,200,-0.5243746958895823
2020-07-16 21:11:45,Run,2925,3,7,2020,198,0.010607279742172127
2020-07-16 01:18:40,Run,3394,3,7,2020,198,0.2285973288918618
2020-07-14 16:27:31,Run,1928,1,7,2020,196,-0.45279587378072894
2020-07-14 02:11:14,Run,1836,1,7,2020,196,-0.4955572480275764
2020-07-13 15:34:52,Run,1468,0,7,2020,195,-0.6666027450149662
2020-07-12 15:16:08,Run,2701,6,7,2020,194,-0.09350737059797816
2020-07-10 17:57:49,Run,3085,4,7,2020,192,0.08497488712799377
2020-07-09 02:08:17,Run,3733,3,7,2020,191,0.3861636970405714
2020-07-07 13:42:40,Run,3674,1,7,2020,189,0.3587406418170497
2020-07-07 01:38:28,Run,2396,1,7,2020,189,-0.23527062217720066
2020-07-04 16:55:06,Ride,2591,5,7,2020,186,-0.14463510067573054
2020-07-04 15:54:56,Run,3013,5,7,2020,186,0.051509463804374024
2020-07-03 16:01:17,Run,1612,4,7,2020,185,-0.5996718983677267
2020-07-02 01:06:32,Run,4082,3,7,2020,184,0.5483780406508948
2020-06-30 12:39:04,Run,2801,1,6,2020,182,-0.04702761598183964
2020-06-29 15:16:27,Run,3712,0,6,2020,181,0.3764029485711823
2020-06-26 21:05:59,Run,3371,4,6,2020,178,0.21790698533014993
2020-06-25 18:12:42,Run,2401,3,6,2020,177,-0.23294663444639374
2020-06-24 15:36:30,Run,2053,2,6,2020,176,-0.39469618051055577
2020-06-24 01:51:07,Run,3696,2,6,2020,176,0.36896618783260016
2020-06-22 18:01:44,Run,2540,0,6,2020,174,-0.16833977552996118
2020-06-20 20:41:21,Run,3221,5,6,2020,172,0.14818735340594216
2020-06-19 19:16:48,Run,2301,4,6,2020,171,-0.27942638906253225
2020-06-18 14:17:54,Walk,2556,3,6,2020,170,-0.16090301479137903
2020-06-17 21:59:11,Walk,4175,2,6,2020,169,0.5916042124439037
2020-06-17 15:49:21,Run,2757,2,6,2020,169,-0.06747870801294059
2020-06-12 14:19:29,Run,2312,4,6,2020,164,-0.274313616054757
2020-06-11 15:17:29,Run,2384,3,6,2020,163,-0.24084819273113728
2020-06-10 16:10:44,Run,2332,2,6,2020,162,-0.2650176651315293
2020-06-09 15:08:23,Run,2165,1,6,2020,161,-0.34263885534048066
2020-06-08 14:42:10,Run,2374,0,6,2020,160,-0.24549616819275114
2020-06-08 00:23:38,Walk,1999,0,6,2020,160,-0.4197952480032706
2020-06-05 19:20:35,Swim,2924,4,6,2020,157,0.010142482196010742
2020-06-04 14:48:33,Run,2895,3,6,2020,156,-0.00333664664266943
2020-06-03 23:00:25,Swim,7200,2,6,2020,155,1.9976167895820942
2020-06-03 14:47:26,Run,2510,2,6,2020,155,-0.18228370191480275
2020-06-02 15:13:33,Run,1727,1,6,2020,154,-0.5462201805591673
2020-05-31 18:03:18,Run,2850,6,5,2020,152,-0.024252536219931765
2020-05-30 21:48:57,Walk,4711,5,5,2020,151,0.8407356971864062
2020-05-28 12:41:20,Run,1675,3,5,2020,149,-0.5703896529595595
2020-05-27 20:40:45,Run,1357,2,5,2020,148,-0.71819527263888
2020-05-26 17:24:08,Ride,7110,1,5,2020,147,1.9557850104275696
2020-05-24 21:17:39,Run,2484,6,5,2020,145,-0.19436843811499876
2020-05-23 16:13:01,Run,1981,5,5,2020,144,-0.4281616038341755
2020-05-21 17:52:47,Run,1179,3,5,2020,142,-0.8009292358556065
2020-05-19 13:45:05,Ride,20696,1,5,2020,140,8.270524472576149
2020-05-18 22:28:06,Run,1779,0,5,2020,139,-0.5220507081587753
2020-05-17 19:45:32,Run,2245,6,5,2020,138,-0.3054550516475698
2020-05-15 16:10:17,Run,2405,4,5,2020,136,-0.23108744426174818
2020-05-13 15:30:52,Run,1446,2,5,2020,134,-0.6768282910305167
2020-05-11 19:18:22,Run,2213,0,5,2020,132,-0.3203285731247342
2020-05-10 20:50:09,Run,2099,6,5,2020,131,-0.37331549338713205
2020-05-09 16:19:31,Run,2077,5,5,2020,130,-0.3835410394026825
2020-05-06 16:44:06,Run,1965,2,5,2020,127,-0.4355983645727577
2020-05-04 22:27:24,Ride,1303,0,5,2020,125,-0.7432943401315947
2020-05-02 15:13:02,Run,6130,5,5,2020,123,1.5002834151894118
2020-05-01 15:09:01,Run,2344,4,5,2020,122,-0.2594400945775927
2020-04-29 23:13:02,Run,1852,2,4,2020,120,-0.4881204872889942
2020-04-28 23:04:43,Run,2846,1,4,2020,119,-0.026111726404577307
2020-04-26 11:19:21,Ride,12831,6,4,2020,117,4.614891772016854
2020-04-25 16:23:04,Run,1462,5,4,2020,116,-0.6693915302919344
2020-04-19 15:24:21,Run,12009,6,4,2020,110,4.232828189072196
2020-04-17 21:26:26,Run,1638,4,4,2020,108,-0.5875871621675307
2020-04-17 17:19:00,Run,2148,4,4,2020,108,-0.3505404136252242
2020-04-16 22:59:47,Run,138,3,4,2020,107,-1.2847834814096084
2020-04-16 22:45:54,Run,536,3,4,2020,107,-1.0997940580373773
2020-04-15 15:25:48,Run,2899,2,4,2020,106,-0.001477456458023889
2020-04-14 18:53:58,Run,2339,1,4,2020,105,-0.2617640823083996
2020-04-13 16:09:09,Run,2189,0,4,2020,104,-0.3314837142326074
2020-04-10 18:32:45,Run,2593,4,4,2020,101,-0.14370550558340778
2020-04-09 18:44:14,Run,1815,3,4,2020,100,-0.5053179964969655
2020-04-09 18:10:56,Run,435,3,4,2020,100,-1.146738610199677
2020-04-08 16:05:58,Run,2072,2,4,2020,99,-0.38586502713348947
2020-04-07 19:32:37,Run,1362,1,4,2020,98,-0.715871284908073
2020-04-07 19:15:32,Run,645,1,4,2020,98,-1.0491311255057862
2020-04-07 19:00:16,Run,617,1,4,2020,98,-1.062145456798305
2020-04-06 18:25:44,Run,2556,0,4,2020,97,-0.16090301479137903
2020-04-05 22:44:18,Kayaking,2093,6,4,2020,96,-0.3761042786641004
2020-04-04 20:04:28,Run,3670,5,4,2020,95,0.35688145163240415
2020-04-03 17:37:24,Run,2647,4,4,2020,94,-0.11860643809069296
2020-04-02 18:08:06,Run,1731,3,4,2020,93,-0.5443609903745218
2020-04-01 18:42:51,Ride,6721,2,4,2020,92,1.7749787649707904
2020-04-01 15:50:55,Run,3260,2,4,2020,92,0.16631445770623618
2020-03-31 18:08:55,Run,1906,1,3,2020,91,-0.4630214197962794
2020-03-31 17:53:40,Run,561,1,3,2020,91,-1.0881741193833425
2020-03-31 17:40:57,Run,508,1,3,2020,91,-1.112808389329896
2020-03-30 16:39:25,Run,2046,0,3,2020,90,-0.3979497633336855
2020-03-29 15:28:19,Run,3404,6,3,2020,89,0.23324530435347565
2020-03-28 23:13:12,Kayaking,3499,5,3,2020,88,0.27740107123880725
2020-03-27 15:38:07,Run,2119,4,3,2020,87,-0.3640195424639044
2020-03-26 22:22:34,Run,2255,3,3,2020,86,-0.300807076185956
2020-03-25 17:15:38,Run,2479,2,3,2020,85,-0.19669242584580568
2020-03-23 17:19:47,Run,2062,0,3,2020,83,-0.3905130025951033
2020-03-21 15:45:31,Run,2657,5,3,2020,81,-0.11395846262907912
2020-03-20 22:03:59,Run,1950,4,3,2020,80,-0.44257032776517846
2020-03-20 17:26:13,Run,1635,4,3,2020,80,-0.5889815548060148
2020-03-18 17:39:49,Run,129,2,3,2020,78,-1.288966659325061
2020-03-18 15:51:39,Run,5903,2,3,2020,78,1.3947743722107773
2020-03-17 15:51:57,Run,2356,1,3,2020,77,-0.25386252402365606
2020-03-16 15:37:58,Run,2140,0,3,2020,76,-0.35425879399451526
2020-03-15 22:14:39,Run,2654,6,3,2020,75,-0.11535285526756327
2020-03-10 21:25:43,Run,491,1,3,2020,70,-1.1207099476146396
2020-03-08 19:36:53,Run,871,6,3,2020,68,-0.9440868800733131
2019-12-26 19:17:54,Run,2275,3,12,2019,360,-0.29151112526272827
2019-11-25 13:04:52,Run,1805,0,11,2019,329,-0.5099659719585793
2019-11-09 20:05:42,Run,1664,5,11,2019,313,-0.5755024259673347
2019-09-01 21:35:41,Ride,2398,6,9,2019,244,-0.2343410270848779
2019-08-08 11:37:00,Run,3566,3,8,2019,220,0.30854250683162004
2019-08-07 11:22:00,Run,3772,2,8,2019,219,0.4042908013408654
2019-08-06 11:31:48,Run,5278,1,8,2019,218,1.1042759058599116
2019-08-05 11:17:58,Ride,3304,0,8,2019,217,0.18676554973733714
2019-08-01 16:14:52,Ride,3133,3,8,2019,213,0.10728516934374026
2019-07-30 15:32:41,Run,687,1,7,2019,211,-1.029609628567008
2019-07-27 18:12:01,Run,2137,5,7,2019,208,-0.35565318663299944
2019-07-24 18:06:59,Run,3849,2,7,2019,205,0.4400802123952921
2019-07-18 17:39:34,Run,2869,3,7,2019,199,-0.015421382842865445
2019-07-16 23:27:08,Run,2560,1,7,2019,197,-0.15904382460673347
2019-07-10 21:24:06,Run,2201,2,7,2019,191,-0.32590614367867077
2019-07-09 23:52:21,Run,1101,1,7,2019,190,-0.8371834444561945
2019-07-08 17:48:58,Run,2019,0,7,2019,189,-0.4104992970800429
2019-07-07 14:55:10,Run,2052,6,7,2019,188,-0.3951609780567172
2019-07-04 18:02:30,Run,2137,3,7,2019,185,-0.35565318663299944
2019-07-01 22:30:52,Run,1416,0,7,2019,182,-0.6907722174153582
2019-06-23 17:01:00,Run,599,6,6,2019,174,-1.07051181262921
2019-06-13 21:18:23,Run,1399,3,6,2019,164,-0.6986737757001017
